BCOM;Communication;Communication;feedback
BCOA;Coaching;Coaching;people
BETP;Enabling team processes;Enabling Team Processes;people
BFA;Facilitation;Interpersonal Facilitation;people
BCL;Continuous learning;Continuous Learning;process
BFA;Facilitation;Interpersonal Facilitation;process
BVIS;Vision;Vision;process
BCOM;Communication;Communication;communication
BBUF;Buffering;Buffering;communication
BETP;Enabling team processes;Enabling Team Processes;commitment
BSAT;Supportive atmosphere;Creating a supportive Team Atmosphere;individual
BETP;Enabling team processes;Enabling Team Processes;initiative
BSENS;Systems sensing;Sensing;sense
BFA;Facilitation;Interpersonal Facilitation;trust
BSENS;Systems sensing;Sensing;event
BPAS;Planning and scheduling;Planning and Scheduling;information
BREP;Representing;Representing;management
BSAT;Supportive atmosphere;Creating a supportive Team Atmosphere;group
BSAT;Supportive atmosphere;Creating a supportive Team Atmosphere;space
BCON;Consulting;Consulting;solving
BRMOD;Role modeling;Role Modeling;change
BCR;Conflict resolution;Conflict Resolution;change
BSENS;Systems sensing;Sensing;change
BVIS;Vision;Vision;change
BMC;Monitoring, controlling;Monitoring and Controlling;progress
BCL;Continuous learning;Continuous Learning;failure
BTSMAN;Team structure management;Team Structure Management;assignment
BVIS;Vision;Vision;understanding
BBUF;Buffering;Buffering;pressure
BMC;Monitoring, controlling;Monitoring and Controlling;effort
BTSMAN;Team structure management;Team Structure Management;structure
BCOM;Communication;Communication;customer
BFA;Facilitation;Interpersonal Facilitation;interaction
BAR;Allocating resources;Allocating Resources;resource
BMC;Monitoring, controlling;Monitoring and Controlling;resource
BETP;Enabling team processes;Enabling Team Processes;level
BCON;Consulting;Consulting;solution
BCON;Consulting;Consulting;project
BPAS;Planning and scheduling;Planning and Scheduling;project
BCON;Consulting;Consulting;problem
BVIS;Vision;Vision;vision
