BTMS;Team member selection;Team Member Selection;Person-related Behavior;PRB;Recruiting competent personnel, selecting team members
BTN;Team norming;Team Norming;Person-related Behavior;PRB;Explicating norms and expectations, establishing team rules
BTSMAN;Team structure management;Team Structure Management;Person-related Behavior;PRB;Forming a team, verifying team structure, clarifying roles, clarifying task assignments
BRMOD;Role modeling;Role Modeling;Person-related Behavior;PRB;Leading by example, taking risks to promote necessary change
BCOM;Communication;Communication;Person-related Behavior;PRB;Providing feedback, establishing effective communication channels, listening attentively, communicating customer feedback and market situation, encouraging transparency, fostering dialogue competencies in team members, enabling utilization of language ambiguities
BCR;Conflict resolution;Conflict Resolution;Person-related Behavior;PRB;Negotiating and resolving conflicts, reducing conflict, discussing unavoidable changes with team
BCON;Consulting;Consulting;Person-related Behavior;PRB;Overseeing the project, assisting problem solving, proposing solutions, recalibrating actions, training team members to communicate with each other
BCOA;Coaching;Coaching;Person-related Behavior;PRB;Training and developing team member skills and confidence, channeling abilities of people to be effective in team
BMOT;Motivating;Motivating;Person-related Behavior;PRB;Enhancing task motivation, providing recognition for achievements
BCOL;Co-leadership;Co-Leadership;Person-related Behavior;PRB;Leading together
BPAS;Planning and scheduling;Planning and Scheduling;Task-related Behavior;TRB;Developing plans, providing and setting clear project goals and directions, searching and structuring information, offering clear strategies
BAR;Allocating resources;Allocating Resources;Task-related Behavior;TRB;Obtaining and maintaining resources the team needs
BMC;Monitoring, controlling;Monitoring and Controlling;Task-related Behavior;TRB;Managing personnel resources, monitoring operations and performance, assessing work progress, reviewing efforts and talents
BCL;Continuous learning;Continuous Learning;Change-related Behavior;CRB;Practicing personal creative ability, challenging the process, accepting reasonable failure, advancing professionally, practicing improvisational abilities
BSYSE;;Systems Sensing;Change-related Behavior;CRB;
BMATEB;;Managing Team Boundaries;Boundary-spanning Behavior;BSB;
BSAT;Supportive atmosphere;Creating a supportive Team Atmosphere;Emergent Process Facilitation;EPF;Establishing a positive team climate, giving prerequisites for collective to emerge, fulfilling nontask needs for team members, relating to other individuals in the group, creating emotional spaces, listening actively and supporting cohesiveness of the group
BETP;Enabling team processes;Enabling Team Processes;Emergent Process Facilitation;EPF;Empowering people to take initiative, communicating on a meta- level, providing interesting and challenging work, fostering team member commitment, encouraging team self-management
BFA;Facilitation;Interpersonal Facilitation;Emergent Process Facilitation;EPF;Inspiring trust through personal credibility, providing support when someone is upset or anxious, providing encouragement, encouraging innovative thinking, focusing on interaction and creative processes, challenging people to question assumptions, celebrating
BMEN;Mentoring;Mentoring;Emergent Process Facilitation;EPF;Leading together
