BMOT;Motivating;Motivating;motivation
BSENS;Systems sensing;Sensing;force
BPAS;Planning and scheduling;Planning and Scheduling;direction
BREP;Representing;Representing;authority
BCR;Conflict resolution;Conflict Resolution;conflict
BBUF;Buffering;Buffering;conflict
BSAT;Supportive atmosphere;Creating a supportive Team Atmosphere;nontask
BFA;Facilitation;Interpersonal Facilitation;encouragement
BAR;Allocating resources;Allocating Resources;need
BSAT;Supportive atmosphere;Creating a supportive Team Atmosphere;need
BCOA;Coaching;Coaching;skill
BMAIF;Managing interfaces;Managing Interfaces;border
BMC;Monitoring, controlling;Monitoring and Controlling;operation
BMOT;Motivating;Motivating;recognition
BCOA;Coaching;Coaching;ability
BCL;Continuous learning;Continuous Learning;ability
BCOM;Communication;Communication;competency
BCOA;Coaching;Coaching;confidence
BPAS;Planning and scheduling;Planning and Scheduling;goal
BCOM;Communication;Communication;utilization
BFA;Facilitation;Interpersonal Facilitation;thinking
BTMS;Team member selection;Team Member Selection;personnel
BMC;Monitoring, controlling;Monitoring and Controlling;personnel
BMAIF;Managing interfaces;Managing Interfaces;personnel
BFA;Facilitation;Interpersonal Facilitation;support
BETP;Enabling team processes;Enabling Team Processes;self-management
BPAS;Planning and scheduling;Planning and Scheduling;strategy
BTMS;Team member selection;Team Member Selection;member
BCOM;Communication;Communication;member
BCON;Consulting;Consulting;member
BCOA;Coaching;Coaching;member
BSAT;Supportive atmosphere;Creating a supportive Team Atmosphere;member
BETP;Enabling team processes;Enabling Team Processes;member
BSAT;Supportive atmosphere;Creating a supportive Team Atmosphere;cohesiveness
BFA;Facilitation;Interpersonal Facilitation;assumption
BTSMAN;Team structure management;Team Structure Management;role
BCOM;Communication;Communication;market
BCOM;Communication;Communication;ambiguity
BMC;Monitoring, controlling;Monitoring and Controlling;performance
BCOM;Communication;Communication;channel
BFA;Facilitation;Interpersonal Facilitation;credibility
BCOA;Coaching;Coaching;Training
BFA;Facilitation;Interpersonal Facilitation;someone
BRMOD;Role modeling;Role Modeling;risk
BBUF;Buffering;Buffering;power
BMAIF;Managing interfaces;Managing Interfaces;collaboration
BTN;Team norming;Team Norming;expectation
BREP;Representing;Representing;visibility
BCON;Consulting;Consulting;action
BBUF;Buffering;Buffering;struggle
BTMS;Team member selection;Team Member Selection;competent
BMAIF;Managing interfaces;Managing Interfaces;g.
BVIS;Vision;Vision;wholeness
BMOT;Motivating;Motivating;achievement
BSAT;Supportive atmosphere;Creating a supportive Team Atmosphere;climate
BTSMAN;Team structure management;Team Structure Management;task
BMOT;Motivating;Motivating;task
BMC;Monitoring, controlling;Monitoring and Controlling;talent
BCOM;Communication;Communication;language
BMC;Monitoring, controlling;Monitoring and Controlling;work
BETP;Enabling team processes;Enabling Team Processes;work
BREP;Representing;Representing;work
BCOM;Communication;Communication;dialogue
BTN;Team norming;Team Norming;rule
BMAIF;Managing interfaces;Managing Interfaces;element
BSAT;Supportive atmosphere;Creating a supportive Team Atmosphere;prerequisite
BTN;Team norming;Team Norming;norm
BCOM;Communication;Communication;transparency
BMAIF;Managing interfaces;Managing Interfaces;transparency
BTMS;Team member selection;Team Member Selection;team
BTN;Team norming;Team Norming;team
BTSMAN;Team structure management;Team Structure Management;team
BCOM;Communication;Communication;team
BCR;Conflict resolution;Conflict Resolution;team
BCON;Consulting;Consulting;team
BCOA;Coaching;Coaching;team
BAR;Allocating resources;Allocating Resources;team
BSAT;Supportive atmosphere;Creating a supportive Team Atmosphere;team
BETP;Enabling team processes;Enabling Team Processes;team
BBUF;Buffering;Buffering;team
BMAIF;Managing interfaces;Managing Interfaces;team
BREP;Representing;Representing;team
BMAIF;Managing interfaces;Managing Interfaces;crossing
BCOM;Communication;Communication;situation
BMAIF;Managing interfaces;Managing Interfaces;interface
BRMOD;Role modeling;Role Modeling;example
BPAS;Planning and scheduling;Planning and Scheduling;plan
