BSENS;Systems sensing;Sensing;Systems Sensing;BSYSE;Interpreting internal and external events, mastering internal forces, giving sense, monitoring environmental change
BVIS;Vision;Vision;Systems Sensing;BSYSE;Creating a vision, supporting a shared understanding of wholeness, envisioning change, inspiring a shared process
BBUF;Buffering;Buffering;Managing Team Boundaries;BMATEB;Protecting team from external pressures, filtering external communication for team, helping different teams to communicate together, shield team from organizational conflict and power struggles
BMAIF;Managing interfaces;Managing Interfaces;Managing Team Boundaries;BMATEB;Organizing for border crossing, e. g. through transparency, defining cross-functional interface personnel, enabling team collaboration among interfacing team elements
BREP;Representing;Representing;Managing Team Boundaries;BMATEB;Representing team for higher management, organizing team and work visibility, involving higher authority
