FTC;opinions;1.6666666666666667
OFC;small groups;3.666666666666667
PTI;leaders;1.6923076923076923
OFC;core flow;5.0
PTI;team performance;3.9259259259259256
OFC;virtual teams;4.0
OFC;project management workflow;7.966666666666667
FTC;interpersonal process;3.892857142857143
OFC;local knowledge;3.75
FTC;facilitative team leaders;8.00709219858156
STE;task effectiveness;4.0
FTC;team effort;4.00709219858156
STE;unified process;4.2
STE;work processes;4.564102564102564
OFC;systems theory;3.666666666666667
STE;extreme programming practices;7.166666666666666
OFC;private judgement;4.0
PTI;prototype team identity;6.7592592592592595
STE;prototype team identity;8.363636363636363
PTI;social identity;4.416666666666666
FTC;team cohesion;4.4832826747720365
OFC;scale working conditions;8.416666666666666
PTI;team values;3.759259259259259
PTI;leadership;1.8
OFC;leadership function;4.25
PTI;related;1.75
FTC;conflicts;1.8
OFC;oriented management approaches;8.7
PTI;identity;2.1666666666666665
STE;core technologies;4.291666666666667
OFC;team leaders;4.216216216216216
PTI;shared sense;3.6190476190476186
STE;test driven development;8.142857142857142
STE;task completion;4.25
STE;work endeavour;3.980769230769231
STE;continuous integration;4.0
