TB_PhasingItIn.txt;Phasing it in;Growing projects must figure out how to grow long-term staff: whom to hire, how many to hire, and when to hire them. Projects must ramp up while minimizing the pains of growth. Phase the hiring program. Start by hiring people to meet the basic core competencies of the business and gradually bring on new people as the project needs to grow.;http://orgpatterns.wikispaces.com/PhasingItIn;http://soleil-alpin.com/rhea_assets/PrototypeTeamIdentity.svg;141;0.0156837613
V_Compass.txt;Compass;At different points along the program the group allows impact of event(s) to divert it from course. Group members may drop into quarrels, allow despair, problems or difficulties to distract or even cease their work, wasting time and energy on procrastinations. When a group drops into unproductive quarrels, a drop into a circle of despair, desolation and justifications, re-channel the group thinking and acting towards achieving it goals through teamwork.;http://hillside.net/europlop/HillsideEurope/Papers/EuroPLoP2003/2003_Homsky_MorePatternsForGroupLeadership.pdf;http://soleil-alpin.com/rhea_assets/PrototypeTeamIdentity.svg;146;0.0172934288
V_SharedClearVision.txt;Shared clear vision;The lack of a clear vision about a system can lead to indecision and contrary opinions among the stakeholders and can quickly paralyze the project. The vision provides a mechanism for removing vague, ambiguous, or poorly defined requirements from the scope of the project. It is an objective filter for scrubbing requirements, and helps to define what is in or out of the system's scope. ;https://www.worldcat.org/title/patterns-for-effective-use-cases/oclc/301075257&referer=brief_results;http://soleil-alpin.com/rhea_assets/PrototypeTeamIdentity.svg;136;0.0156750912
WT_WaterCooler.txt;The Water Cooler;Organizations need cross-team structures that guard against isolation. Encourage social structures that are unrelated to workplace structures and which will likely cut across the formal partitioning of the organization.;http://orgpatterns.wikispaces.com/TheWaterCooler;http://soleil-alpin.com/rhea_assets/PrototypeTeamIdentity.svg;133;0.0150569836
TD_RoundPegsForRoundHoles.txt;Round Pegs for Round Holes;By assigning a task to the wrong person, you can waste time, get inferior results, and discourage both the individual and the team. Therefore, discover each individual’s preferences for working, and allocate tasks accordingly. First, you must observe how your people work. Then you must apply these observations in your decisions about“who does what” in the mix of team tasks.;http://www.hillside.net/plop/plop98/final_submissions/P54.pdf;http://soleil-alpin.com/rhea_assets/PrototypeTeamIdentity.svg;122;0.0130636027
I_Firewalls.txt;Firewalls;"It's important to placate stakeholders who feel a need to ""help"" by having access to low levels of the project, without distracting developers and others who are moving towards project completion. Create a role to shield other development personnel from interaction with external roles.";http://orgpatterns.wikispaces.com/FireWalls;http://soleil-alpin.com/rhea_assets/PrototypeTeamIdentity.svg;127;0.014524431
TB_Bootstrapping.txt;Bootstrapping;Your newly formed team must become productive quickly. Therefore, partition some responsibilities, and share others.;http://www.hillside.net/plop/plop98/final_submissions/P54.pdf;http://soleil-alpin.com/rhea_assets/PrototypeTeamIdentity.svg;119;0.0147440592
PP_PairToShare.txt;Pair to share;Some new ideas take a long time to spread out. Encourage people to work in pairs to facilitate spreading the new idea.;http://www.hillside.net/plop/2011/papers/D-5-Cukier.pdf;http://soleil-alpin.com/rhea_assets/PrototypeTeamIdentity.svg;125;0.0165043476
A_Apprenticeship_Apprentice.txt;Apprentice;A project must balance its need for growth with its need to develop and maintain deep domain expertise. Turn new hires into experts through an apprenticeship program. Every new employee should work as an apprentice (not just a mentee) to an established expert.;http://orgpatterns.wikispaces.com/ApprenticeShip;http://soleil-alpin.com/rhea_assets/PrototypeTeamIdentity.svg;123;0.0148858448
MC_StandupMeetingB.txt;Stand up Meeting; … information about where the current project is so that you can accurately control where it is going. Your organization is also working to establish and maintain a 'whole-team' that is does not suffer from Us vs. Them via Reciprocal visibility. Your team is in the process of improving its communications. … introduce stand up meetings as feedback for management of an empirical process. The daily meetings will give the entire team relevant information to adapt to changes and new information within an iteration so that obstacles can be addressed in a timely manner and the goals of the iteration can be met.;http://hillside.net/plop/2006/Papers/Library/AdoptingAgilePractices.pdf;http://soleil-alpin.com/rhea_assets/PrototypeTeamIdentity.svg;115;0.0129305439
TB_FaceToFaceBeforeRemote.txt;Face to face before remote;Geographic distance makes communication harder. Begin a distributed project with a fact-to-face meeting for everyone.;http://orgpatterns.wikispaces.com/FaceToFaceBeforeWorkingRemotely;http://soleil-alpin.com/rhea_assets/PrototypeTeamIdentity.svg;121;0.017349001
A_DayCare.txt;Day care;Your experts are spending all their time mentoring novices. Put one expert in charge of all the novices, let the others develop the system.;http://orgpatterns.wikispaces.com/DayCare;http://soleil-alpin.com/rhea_assets/PrototypeTeamIdentity.svg;111;0.0134006516
V_UnityOfPurpose.txt;Unity of purpose;Many projects have rocky beginnings as people struggle to work together. The leader of the project must instill a common vision and purpose in all the members of the team.;http://orgpatterns.wikispaces.com/UnityOfPurpose;http://soleil-alpin.com/rhea_assets/PrototypeTeamIdentity.svg;111;0.0137281073
T_CommunityOfTrust.txt;Community of trust;It is essential that the people in a team trust each other, otherwise, it will be difficult to get anything done. Do things that explicitly demonstrate trust, so it is obvious.;http://orgpatterns.wikispaces.com/CommunityOfTrust;http://soleil-alpin.com/rhea_assets/PrototypeTeamIdentity.svg;113;0.0134836383
V_SetThePegs.txt;Set the pegs;During your first encounters with the group you are aware that what you do at the beginning tends to have effect for a long time. Use all first time events and first times an issue is raised to present the expected norms of behavior or preferred attitude you wish to set for the future.;http://hillside.net/europlop/HillsideEurope/Papers/EuroPLoP2003/2003_Homsky_MorePatternsForGroupLeadership.pdf;http://soleil-alpin.com/rhea_assets/PrototypeTeamIdentity.svg;108;0.0131428911
ID_ProductivityGames.txt;Productivity games;Individuals are so closely focussed on design and code that they are beginning to lose the shared culture of problem solving they developed earlier. Teams develop a shared culture of communication over time as a result of collectively finding solutions in their area of productivity.;http://www.hillside.net/plop/plop98/final_submissions/P54.pdf;http://soleil-alpin.com/rhea_assets/PrototypeTeamIdentity.svg;109;0.0136448428
RM_Wanderer.txt;Wanderer;The project manager, the architect, or the coach can only provide the coordinating services to the team, if she or he has a good notion of what is going on in the project. To gather this information is one of the most important tasks of management. Practice „management by walking around“. Visit each team member regularly, for example once a day and ask for the status and current problems. Have a look at progress indicators, such as test cases and be sure to give more positive feedback than criticism.;http://hillside.net/europlop/HillsideEurope/Papers/EuroPLoP2002/2002_Coldewey_InteractionPatternsOfAgileDevelopment.pdf;http://soleil-alpin.com/rhea_assets/PrototypeTeamIdentity.svg;110;0.0148865239
CC_NormsOfConduct.txt;Norms of conduct;A self-organizing team that is unable to get all issues out on the table runs the risk of things being left unsaid, questions remaining unanswered and possible solutions not being evaluated. The team agrees to norms of conduct to enable itself to grow into high performance.;https://sites.google.com/a/scrumplop.org/published-patterns/product-organization-pattern-language/norms-of-conduct;http://soleil-alpin.com/rhea_assets/PrototypeTeamIdentity.svg;100;0.0119225425
TD_FeatureAssignment.txt;Feature assignment;For every non-trivial project, it is impossible to partition the work cleanly. Assign features to people for development. A feature development has a finite duration, and is therefore an assignment, not a role.;http://orgpatterns.wikispaces.com/FeatureAssignment;http://soleil-alpin.com/rhea_assets/PrototypeTeamIdentity.svg;108;0.0132428223
WT_VirtualSharedLocation.txt;Virtual shared location;Team members can meet neither at the same time nor at the same place, but must share informal and formal ideas and information. Use a wiki.;http://citeseerx.ist.psu.edu/viewdoc/download?doi=10.1.1.96.3260&rep=rep1&type=pdf;http://soleil-alpin.com/rhea_assets/PrototypeTeamIdentity.svg;92;0.0131021179
TD_ArchitectureTeam.txt;Architecture team;You need to create an architecture that is simple and cohesive, but which accommodates a variety of constituencies. Create a small team of resonating minds to define the initial architecture, in such a way that the team covers the expected partitioning of the system.;http://orgpatterns.wikispaces.com/ArchitectureTeam;http://soleil-alpin.com/rhea_assets/PrototypeTeamIdentity.svg;104;0.011723073
V_Vision.txt;Vision;For a team to be truly effective all members need to be pulling in the same direction. The individual who embodies the passion for this new product effort takes on the role of owning the product, around whom stakeholders and potential future coworkers rally to articulate and together define and refine a vision. The vision is a description of how the product supports a desired future towards which an envisioned future organization advances.;https://sites.google.com/a/scrumplop.org/published-patterns/value-stream/vision;http://soleil-alpin.com/rhea_assets/PrototypeTeamIdentity.svg;99;0.0139132466
TD_DelegateComplexity.txt;Delegate complexity;You cannot deal with all complexity the project offers, and you cannot control it. Therefore, share dealing with complexity. Decide who of the team shall deal with which topics. Give the authority to deal with complexity to the team members who are willing and able.;http://ceur-ws.org/Vol-566/e4_dealingwithcomplexity.pdf;http://soleil-alpin.com/rhea_assets/PrototypeTeamIdentity.svg;97;0.0123441748
R_FailedProjectWake.txt;Failed project wake;Canceling a project, even for the best external reasons, is particularly demoralizing to a team that has put its heart and soul into it. Hold a wake for the failed project. This should be much the flavor of an Irish wake, a party for the dead.;http://orgpatterns.wikispaces.com/FailedProjectWake;http://soleil-alpin.com/rhea_assets/PrototypeTeamIdentity.svg;95;0.0109301584
R_ReaffirmationRitual.txt;Reaffirmation ritual;You are an organization that is working to establish and maintain a 'whole-team' that is does not suffer from Us vs. Them via Reciprocal visibility. Your team members tend to get 'heads-down' in their work and, especially with larger teams, the do not communicate outside of their tasks. Solidarity Rituals to help teams establish their individuality and pride in their work. Celebrate success when a team passes a major milestone and remember important events as a team.;http://hillside.net/plop/2006/Papers/Library/AdoptingAgilePractices.pdf;http://soleil-alpin.com/rhea_assets/PrototypeTeamIdentity.svg;83;0.0081432422
I_SmokeFilledRoom.txt;Smoke filled room;An organization must make a timely decision about urgent strategic directions. Make the decision among power brokers as in the storied smoke-filled rooms stereotypically associated with tycoon businessmen.;http://orgpatterns.wikispaces.com/SmokeFilledRoom;http://soleil-alpin.com/rhea_assets/PrototypeTeamIdentity.svg;93;0.0130225297
WT_PrivateSpace.txt;Private space;Concentration is one of the most valuable assets in software development. It may cost up to 20 minutes for a brainworker to recover from a single interruption. In addition personal comfort calls for a minimum of privacy that may be endangered in a highly collaborative environment. Make sure every team member has a private space he or she can retreat to when it is needed. This may be the simple opportunity to shut the door in a single or double office or a separate office to everyone’s discretion.;http://hillside.net/europlop/HillsideEurope/Papers/EuroPLoP2002/2002_Coldewey_InteractionPatternsOfAgileDevelopment.pdf;http://soleil-alpin.com/rhea_assets/PrototypeTeamIdentity.svg;60;0.0059122081
A_ParticipantObservation.txt;Participant observation;Even though you are assembling a team that includes most of the roles, customer to coder, communication is still role-to-role with lots of interpretation across the communication channel. Live with, eat with, work with, and empathize with the other members of your team. Pair programming is only the beginning – do some pair testing, pair story writing, pair database design, pair forms entry. Have all of your people work alongside all of your other people.;http://hillside.net/plop/2006/Papers/Library/AdoptingAgilePractices.pdf;http://soleil-alpin.com/rhea_assets/PrototypeTeamIdentity.svg;27;0.0046969603
ID_DeployAlongTheGrain.txt;Deploy along the grain;... in the past, the roles of analysis, design and implementation have been split among different people. Deploy people along the grain of the domain. That is to say, give them dedicated, long term responsibility for a manageable piece of the system, thereby enabling them to exploit opportunities to consolidate and improve the reusability of their parts of the system as experience accrues. ;http://orgpatterns.wikispaces.com/DeployAlongTheGrain;http://soleil-alpin.com/rhea_assets/OrganizeForComplexity.svg;136;0.0158956267
TB_DiverseGroups.txt;Diverse groups;Homogeneous teams that comprise too many of the same kind of people easily fall into groupthink-like dysfunction. Consider temperaments and diverse experience backgrounds when assembling a team. This diversity sometimes lines up with social classifications like age and gender, but more generally can be assessed on a personal level.;http://orgpatterns.wikispaces.com/DiverseGroups;http://soleil-alpin.com/rhea_assets/OrganizeForComplexity.svg;130;0.0165840471
RM_ProtectTheVictim.txt;Protect the victim;One of the group members made a mistake that has influence on the entire project. The other group members get upset at the individual. Anyone may make a mistake, but making one should not deteriorate team spirit, and group behavior can escalate sporadic anger into aggressive behavior towards one person. Look for non-verbal clues for disagreement or discomfort in group members’ behavior, Respond accordingly: either change activity, make a break even if it is not scheduled yet, or even stop whatever it is you’re doing altogether and inquire of the group as to what may be disturbing them.;http://hillside.net/europlop/HillsideEurope/Papers/EuroPLoP2003/2003_Homsky_MorePatternsForGroupLeadership.pdf;http://soleil-alpin.com/rhea_assets/OrganizeForComplexity.svg;133;0.0159906099
A_MasterAndApprentice.txt;Master and Apprentice;In an environment that uses documentation only if they are part of the delivery, knowledge transfer between team members becomes a matter of direct collaboration instead of document transfer. You cannot just pass a well-written document to the novice and expect her to read it. Rather you have to transfer tacit knowledge that resides in the heads of the experts only. Still, those who have the knowledge are usually occupied with the project work. Pair up anyone who needs to learn something about the project with someone who is expert in this area. Let them do the work together until the apprentice has learned enough to work on his or her own. The main work — e.g. programming — should be done by the apprentice while the master watches and gives hints on how to do the work.;http://hillside.net/europlop/HillsideEurope/Papers/EuroPLoP2002/2002_Coldewey_InteractionPatternsOfAgileDevelopment.pdf;http://soleil-alpin.com/rhea_assets/OrganizeForComplexity.svg;133;0.0166106682
TD_SacrificeOnePerson.txt;Sacrifice one person;Small distractions can add up, and sap the strength of the team. Assign just one person to it until it gets handled.;http://orgpatterns.wikispaces.com/SacrificeOnePerson;http://soleil-alpin.com/rhea_assets/OrganizeForComplexity.svg;131;0.0171010313
TB_FormFollowsFunction.txt;Form follows function;A project must delineate well-defined roles to help identify and leverage expertise relevant to emerging problems. Group closely related activities (that is, those mutually coupled in their implementation, or which manipulate the same artifacts, or that are semantically related to the same domain). Name the abstractions resulting from the grouped activities, making them into roles. The associated activities become the responsibilities (job description) of the roles. Roles, rather than activities, become the basic project building blocks.;http://orgpatterns.wikispaces.com/FormFollowsFunction;http://soleil-alpin.com/rhea_assets/OrganizeForComplexity.svg;127;0.0164277912
CC_ManagementByTriggers.txt;Management by triggers;When a project gets out of hands, adding even further levels of control and tracking is hardly possible and rarely helpful. Therefore, enable developers to take local decisions. Encourage a communication culture of small neighborhoods. Within these developers can develop a common spirit without the need to share this spirit with the entire project team. Establish very few rules to adhere to, the core of the overall architecture.;http://ceur-ws.org/Vol-566/e4_dealingwithcomplexity.pdf;http://soleil-alpin.com/rhea_assets/OrganizeForComplexity.svg;126;0.016155105
TB_LockEmUpTogether.txt;Lock em up together;A team of different people must come up with a single, coherent architecture. Gather everyone together to work out the architecture (or some other strategic issue). Put them all in the same room (literally.);http://orgpatterns.wikispaces.com/LockEmUpTogether;http://soleil-alpin.com/rhea_assets/OrganizeForComplexity.svg;126;0.0150111432
ID_SomeoneAlwaysMakesProgress.txt;Someone always makes progress;It is important to keep a team moving forward and to avoid getting stuck on the obstacles. Whatever you try, ensure that someone on the team is making progress on the primary task.;http://orgpatterns.wikispaces.com/SomeoneAlwaysMakesProgress;http://soleil-alpin.com/rhea_assets/OrganizeForComplexity.svg;126;0.0157702476
TL_SprintRetrospective.txt;Sprint retrospective;... you are reaching the end of a development iteration, and are getting ready for the next one. Naturally, no matter how well it went, you would like to improve. At the end of each iteration, before the next one, hold a meeting for self-examination of the team's behavior during the previous iteration.;https://sites.google.com/a/scrumplop.org/published-patterns/value-stream/sprint/sprint-retrospective;http://soleil-alpin.com/rhea_assets/OrganizeForComplexity.svg;111;0.0152295557
WT_CoffeeKitchen.txt;Coffee kitchen;The daily work gives little room for social interaction beside the current problem. Still, a project needs space for the team members to interact just as humans, not as professionals, and creative work needs slack. Provide a separate coffee kitchen for social interaction. Offer opportunities to have coffee, tea, or other beverages there and provide a place to store private mugs. Make the place comfortable enough so people like to go there, but be careful with seating facilities unless you have pregnant women in the team or others who need to sit down.;http://hillside.net/europlop/HillsideEurope/Papers/EuroPLoP2002/2002_Coldewey_InteractionPatternsOfAgileDevelopment.pdf;http://soleil-alpin.com/rhea_assets/OrganizeForComplexity.svg;115;0.0149243532
TB_ForgeTheTeam.txt;Forge the team;Recognise that differences of opinion within a team are an asset, not a liability. … Differences of opinion become dysfunctional when they are not resolved. When warring factions emerge, bring the individual chief protagonists together for counselling. ;http://wiki.c2.com/?ForgeTheTeam;http://soleil-alpin.com/rhea_assets/OrganizeForComplexity.svg;116;0.0161484114
WT_TeamSpace.txt;Team space;Your physical work environment should be arranged to maximise people’s productive time. Therefore, create a physical space for casual, unplanned interactions between team members.;http://www.hillside.net/plop/plop98/final_submissions/P54.pdf;http://soleil-alpin.com/rhea_assets/OrganizeForComplexity.svg;105;0.0147639028
CC_ReNegotiateComplexity.txt;Re-negotiate complexity;Accepting every wish that a stakeholder mentions limits the project’s options to make decisions that fit its situations. Therefore, renegotiate all factors that contribute to the overall complexity, as soon as you become aware of them. (stakeholders may presrcibe the team size, ...);http://ceur-ws.org/Vol-566/e4_dealingwithcomplexity.pdf;http://soleil-alpin.com/rhea_assets/OrganizeForComplexity.svg;103;0.015413918
R_GrandeFinale.txt;Grand finale;Having put so much effort into creating and maintaining group cohesion it is distressing for both group members and leaders to see it end. Especially with a successful group, when the project ends group members need a closure to the experience, and wish to preserve the good relations created, the memory of a good experience. Make a ‘grand finale’ to your program. Use the good feelings to give a “final good taste” at the closure of the experience.;http://hillside.net/europlop/HillsideEurope/Papers/EuroPLoP2003/2003_Homsky_MorePatternsForGroupLeadership.pdf;http://soleil-alpin.com/rhea_assets/OrganizeForComplexity.svg;93;0.0105773235
RM_JoinForCompletion.txt;Join for completion;How can you make the final tuning and qualification of your product efficient and focused? Gather the whole team (developers, architects, domain experts, and internal and external testers) together in one location for the final tuning of the product before delivery.;http://hillside.net/plop/2004/papers/vbricout0/PLoP2004_vbricout0_0.doc;http://soleil-alpin.com/rhea_assets/OrganizeForComplexity.svg;89;0.0123624504
T_CollectiveResponsibility.txt;Collective responsibility;You need a high performance team in which every individual is deeply committed to every aspect of success of the project. Therefore, make the responsibility for completion and for the artifacts collective by the team, not by individuals. Let the team itself manage the fine-grained aspects of this.;https://csis.pace.edu/~bergin/patterns/xpPatternsEuroV7.html;http://soleil-alpin.com/rhea_assets/OrganizeForComplexity.svg;103;0.013742032
CC_ReciprocalVisibility.txt;Reciprocal visibility;Everyone involved in the project, including management, immediately adopts a posture of self-protection and blame avoidance. Constraints to be met: All actions that affect the state of the project are expressed in a manner that includes the whole team, All information about the state of the project is public and omnipresent in the whole team environment, All communication (actions and information sharing) take place in a “safety zone” – i.e. no one can be punished (or rewarded) for their participation in the conversation.;http://hillside.net/plop/2006/Papers/Library/AdoptingAgilePractices.pdf;http://soleil-alpin.com/rhea_assets/OrganizeForComplexity.svg;94;0.0152780963
ID_GenericsAndSpecifics.txt;Generics and specifics;Novices, even when mentored, tend to produce weak designs and cut and paste code. Separate generic from specific parts of problems. Use an expert, a framework designer to design generic parts. Let the novice programmers design the specific parts.;http://orgpatterns.wikispaces.com/GenericsAndSpecifics;http://soleil-alpin.com/rhea_assets/OrganizeForComplexity.svg;86;0.0096744135
TB_GrowingYourTeam.txt;Growing your team;Your team thinks it does good work, day in and day out. But you feel that things could be much better. Maybe the team is in denial about some problem, or maybe the work needs to move to the next level for some reason that you see and the team doesn't yet. In any case, every day seems more of the same old thing instead of a day in an adventurous journey. Create an environment for your team to discover the need for change and to architect its own change. Play the role of coach, not director.;http://wiki.c2.com/?GrowingYourTeam;http://soleil-alpin.com/rhea_assets/OrganizeForComplexity.svg;85;0.0135367077
C_TrainEveryone.txt;Train everyone;Everyone has different ideas about how the project will proceed. If the methodology is new to the company, much of this information is faulty. Therefore, provide training that both shows everyone all the essential roles, but also brings the participants together as a team.;https://csis.pace.edu/~bergin/patterns/xpPatternsEuroV7.html;http://soleil-alpin.com/rhea_assets/OrganizeForComplexity.svg;87;0.0116316982
CC_OpenUpCommunication.txt;Open up communication;How can an agile team be provided with information and communication channels needed to be self organized, whilst addressing the need for information and control by the overall project management? Create a communication plan for the agile project, basically addressing the how and not the details. Reach an agreement with the customer organization with regards to customer involvement and availability. Allow the agile team to collaborate with customer contacts directly and frequently. ... both parties need to open up their communication.;http://hillside.net/europlop/europlop2011/submission/shepherd.cgi?token=62198633c8010f439aa85af06b4dbe3230391b55&action=download&label=1335792810_24;http://soleil-alpin.com/rhea_assets/OrganizeForComplexity.svg;69;0.0103821837
RM_Ambassador.txt;Ambassador;Members of a team in one location find it hard to understand the point of view of members in another location. ... When misunderstandings caused by lack of knowledge of local conditions escalate, the trust vital for cooperation between sites breakes down. Send an ambassador from one location to another, for an ex- tended period. While visits build trust, longer visits maintain more trust for longer.;http://citeseerx.ist.psu.edu/viewdoc/download?doi=10.1.1.96.3260&rep=rep1&type=pdf;http://soleil-alpin.com/rhea_assets/OrganizeForComplexity.svg;45;0.0067366259
ID_DeliverablesToGo.txt;Deliverables to go;Your team maintains (or will shortly maintain) released software.You must scope and time your team’s deliverables so that their recipients will use them. Therefore, only release when users are ready to consume.;http://www.hillside.net/plop/plop98/final_submissions/P54.pdf;http://soleil-alpin.com/rhea_assets/OrganizeForComplexity.svg;26;0.0051109331
MC_AdhocMeeting.txt;Adhoc meeting;There are events that cannot wait for the next general meeting. If an important client reported a severe crash of the system, you’d better react soon. Still, you may be reluctant to disturb everyone in her or his work or it might be unsure who can contribute to the solution. When the issue arises, call everyone for an immediate adhoc meeting. Only those who are interested in the issue are going to participate. During this adhoc meeting start with a description of the problem at hand and then decide whether to go on to solve the issue immediately or whether to schedule another meeting. Limit the meeting to ten minutes, than ask who thinks that he or she can contribute to the solution. Give a break, so that everyone who answered no can leave without embarresment.;http://hillside.net/europlop/HillsideEurope/Papers/EuroPLoP2002/2002_Coldewey_InteractionPatternsOfAgileDevelopment.pdf;http://soleil-alpin.com/rhea_assets/FacilitateTeamCohesion.svg;128;0.0160550599
TD_TeamPerTask.txt;Team per task;Crises are inevitable, and they are legion. If the project takes time to respond to each, its members will soon find themselves spending so much time responding to each crisis that the real work doesn't get done. Let a sub-team handle the diversion, which allows the main team to keep working.;http://orgpatterns.wikispaces.com/TeamPerTask;http://soleil-alpin.com/rhea_assets/FacilitateTeamCohesion.svg;131;0.0160741428
RM_GuruingByWalkingAround.txt;Guruing by walking around;"…you aren't ""managing"" so much as you are ""mentoring"". It's hands-on teaching and learning, with frequent two-way dialogue (rather than lecturing). Keep your door open. … Be patient with newbies and do some hand-holding if necessary. And always try to share your knowledge rather than force-feeding it to others.";http://wiki.c2.com/?GuruingByWalkingAround;http://soleil-alpin.com/rhea_assets/FacilitateTeamCohesion.svg;122;0.0146074546
CC_SocialTracker.txt;Social tracker;The tracker needs fine-grained knowledge of the state of the project, but the knowledge is in individual heads. Therefore, the tracker spends five minutes or so with everyone at least twice a week, preferably daily.;https://pdfs.semanticscholar.org/4b2b/643707a62c11d0a2da4d5c8572ca9d94ac2a.pdf;http://soleil-alpin.com/rhea_assets/FacilitateTeamCohesion.svg;106;0.0117428963
ID_EndToEnd.txt;End to end;When we take an interest in the customer’s business and actively help them develop it, we make an investment towards our own future. Therefore: when pitching and planning, get input from designers, developers and people with experience in maintaining systems, come up with the next chapter in the product’s story and pitch that as well. During the project get developers and designers working closely together.;http://www.vikingplop.org/pastevents/vikingplop2012/papers/9.pdf;http://soleil-alpin.com/rhea_assets/FacilitateTeamCohesion.svg;121;0.015674888
TL_ShowAndTell.txt;Show and tell;You must eliminate the re-invention and wasted effort which results from general design and code solutions which are not communicated. Therefore, conduct a periodic discussion session where individual’s problems and solutions are reviewed and shared.;http://www.hillside.net/plop/plop98/final_submissions/P54.pdf;http://soleil-alpin.com/rhea_assets/FacilitateTeamCohesion.svg;118;0.0143734082
GV_GroupValidation.txt;Group validation;Product quality is crucial to the success of the enterprise. Even before engaging QA, the development team — including the Customer — can validate the design.;http://orgpatterns.wikispaces.com/GroupValidation;http://soleil-alpin.com/rhea_assets/FacilitateTeamCohesion.svg;115;0.0146940013
CC_BodySpeaks.txt;Body speaks;Group members may have needs that should be met, or have important information that the group leader should be aware of. However, group members may be reluctant or too shy to openly express problems, present issues or preferences that bother them. They may think that criticism is disrespectful, or show lack of manners. Look for non-verbal clues for disagreement or discomfort in group members’ behavior, Respond accordingly: either change activity, make a break even if it is not scheduled yet, or even stop whatever it is you’re doing altogether and inquire of the group as to what may be disturbing them.;http://hillside.net/europlop/HillsideEurope/Papers/EuroPLoP2003/2003_Homsky_MorePatternsForGroupLeadership.pdf;http://soleil-alpin.com/rhea_assets/FacilitateTeamCohesion.svg;118;0.0151261145
CC_ProductionPotential.txt;Production potential;You observe a great deal of activity and communication, but little apparent progress on the software. You must translate this team activity into an accurate and fair assessment of team progress. Therefore, measure team progress by a weighted mix of assessed progress in all spheres of work.Viewing progress in terms of the team’s production potential helps to recognise the value of work done which contributes only indirectly to deliverables.;http://www.hillside.net/plop/plop98/final_submissions/P54.pdf;http://soleil-alpin.com/rhea_assets/FacilitateTeamCohesion.svg;99;0.0123890719
ID_PiecemealGrowth.txt;Piecemeal growth;The project team needs to react to incomprehensible situations, dealing with many issues and requirements at once. Therefore, introduce an attitude into the project to solve problems one at a time. Reduce the amount of things to care for at once by focusing on the next few important things, only one or two per person. Adapt an attitude that actively refuses to plan ahead for complex issues, even if that would seem smart and apparently could reduce the overall effort. The question to ask is: what could we try or show next?;http://ceur-ws.org/Vol-566/e4_dealingwithcomplexity.pdf;http://soleil-alpin.com/rhea_assets/FacilitateTeamCohesion.svg;91;0.0137079751
TD_InterruptsUnjamBlocking.txt;Interrupts unjam blocking;A comprehensive scheduling plan is difficult if not impossible, yet, without some kind of plan, it becomes easy to fall into thrashing. If a role is about to block on a critical resource, interrupt the role that provides that resource so they stop what they're doing to keep you unblocked.;http://orgpatterns.wikispaces.com/InterruptsUnjamBlocking;http://soleil-alpin.com/rhea_assets/FacilitateTeamCohesion.svg;96;0.0134129145
A_GatherDomainKnowledge.txt;Gather domain knowledge;When complexity is a key problem to projects, and the ability to deal with complexity is largely depending on individuals, what should the team members learn and do to increase their personal ability to cope with complexity? Therefore, increase your knowledge about the application domain. You will be able to apply your own judgment, and reduce the complexity associated with unknown settings and questions.;http://ceur-ws.org/Vol-566/e4_dealingwithcomplexity.pdf;http://soleil-alpin.com/rhea_assets/FacilitateTeamCohesion.svg;88;0.0116612251
R_SolidarityRitual.txt;Solidarity ritual;You are an organization that is working to establish and maintain a ‘whole-team' … . Your team is in the process of building itself and establishing its culture. Different people bring different food for lunch, may speak different languages around the water cooler, have different artifacts in their cubicles. Assertion of identity, gender, and ethnicity are powerful forces acting on all of us. … Solidarity rituals to help teams establish their individuality and pride in their work. Celebrate Success when a team passes a major milestone and remember important events as a team.;http://hillside.net/plop/2006/Papers/Library/AdoptingAgilePractices.pdf;http://soleil-alpin.com/rhea_assets/FacilitateTeamCohesion.svg;90;0.0115847963
V_CohesiveTeam.txt;Cohesive team;You have an assigned development team, … . You must now convert individual capabilities into a team productivity. Therefore, stimulate an interest in the problem space, and use it as the common motivation to build team cohesion.;http://www.hillside.net/plop/plop98/final_submissions/P54.pdf;http://soleil-alpin.com/rhea_assets/FacilitateTeamCohesion.svg;70;0.008935638
C_EffectiveCoach.txt;Effective coach;"No process can work if you don't perform its practices. … This is especially true as some of the practices are counter-intuitive to many programmers. Many practices that are counter-productive in practice are ingrained in many work environments. People do these things ""naturally"" even though they know that they don't work. Therefore, someone on the team will have a full time role as Coach. The coach keeps the team faithful to the practices.";https://csis.pace.edu/~bergin/patterns/xpPatternsEuroV7.html;http://soleil-alpin.com/rhea_assets/FacilitateTeamCohesion.svg;60;0.0072338076
CC_DontInterruptAnInterrupt.txt;Don’t interrupt an interrupt;"It's important to balance a desire that someone always makes progress with the thrashing that can accompany short-term priority calls. If a developer is already working in ""interrupt mode"" on a critical issue, don't put that work aside until it is complete or until that issue itself becomes hopelessly tangled.";http://orgpatterns.wikispaces.com/DontInterruptAnInterrupt;http://soleil-alpin.com/rhea_assets/FacilitateTeamCohesion.svg;41;0.0039843967
TD_InformalLaborPlan.txt;Informal labor plan;Developers will often find themselves obligated to more than one in-progress development task at a time. Let individuals devise their own short-term plans.;http://orgpatterns.wikispaces.com/InformalLaborPlan;http://soleil-alpin.com/rhea_assets/FacilitateTeamCohesion.svg;38;0.0061350749
MC_StandupMeetingA.txt;Standup meeting;… the person receiving the information may not know the consequences that it implies for others on the team. Therefore, hold a 15 minute stand-up meeting every day.;https://pdfs.semanticscholar.org/4b2b/643707a62c11d0a2da4d5c8572ca9d94ac2a.pdf;http://soleil-alpin.com/rhea_assets/StructureForTaskEffectiveness.svg;127;0.01457892
ID_DevelopmentEpisode.txt;Development episode;It's important to build on the collective strength of an entire team and to build a true gestalt from the team members. Approach all development as a group activity as if no one had anything else to do. Expect the activity to follow the usual course of an episode where energy builds to a decision-making climax and then dissipates. At the height of the episode, purpose should be clear, terminology well understood, knowns well explored and unknowns identified. It is at exactly this point that individual strengths merge into a sort of common consciousness.;http://orgpatterns.wikispaces.com/DevelopmentEpisode;http://soleil-alpin.com/rhea_assets/StructureForTaskEffectiveness.svg;119;0.0156237036
PP_DevelopingInPairs.txt;Developing in pairs;Some people don't want to work alone, and working alone has great risks of blindsiding and misfits. And you need to provide for people who don't want to work alone, and in general engage people who are working alone but probably shouldn't be. Pair compatible designers to work together, together, they can produce more than the sum of the two individually.;http://orgpatterns.wikispaces.com/DevelopingInPairs;http://soleil-alpin.com/rhea_assets/StructureForTaskEffectiveness.svg;112;0.0141906526
TL_FairMemory.txt;Fair memory;A retrospective is focused on issues from the end of a development iteration. Experiences at the beginning of an iteration are forgotten. These experiences could have been used to improve the process. A log is produced during the development iteration.;https://sites.google.com/a/scrumplop.org/published-patterns/retrospective-pattern-language/fair-memory;http://soleil-alpin.com/rhea_assets/StructureForTaskEffectiveness.svg;81;0.0110699393
ID_Sprint.txt;Sprint;We want to balance the need of developers to work undisturbed and the need for management and the customer to see real progress. Give the developers the space to be creative, and to learn exploring the design space, doing their actual work, undisturbed by outside interruptions, free to adapt their way of working using opportunities and insights. At the same time keep the management and stakeholders confident by showing real progress instead of documents and reports... produced as proof. Do this in short cycles, Sprints, where part of the Backlog is allocated to a small team.;http://jeffsutherland.org/scrum/scrum_plop.pdf;http://soleil-alpin.com/rhea_assets/StructureForTaskEffectiveness.svg;76;0.0088256321
SO_TeamOwnsIndividualVelocities.txt;Team owns individual velocities;When a developer takes responsibility for a task she estimates the (ideal) time to complete the task. Enough tasks are taken and estimated to equal the developer's individual velocity for the iteration. People estimate differently. Therefore, let the team own the individual velocities.;http://www.ecs.syr.edu/faculty/fawcett/handouts/CSE776/PatternPDFs/PatternsForAgileDev2.pdf;http://soleil-alpin.com/rhea_assets/StructureForTaskEffectiveness.svg;79;0.0105032369
ID_EffectiveHandover.txt;Effective handover;Your team is running at peak productivity, or nearing a critical delivery phase. A critical team member is departing, so you must minimise the lost productivity that will inevitably result. Therefore, the departing developer should hand over to an existing developer, setting the replacement free to do new work.;http://www.hillside.net/plop/plop98/final_submissions/P54.pdf;http://soleil-alpin.com/rhea_assets/StructureForTaskEffectiveness.svg;58;0.0075526592
TD_GetToKnowYourPeopleSkills.txt;Get to know your peoples skills;How can you know if your people are really up to the assigned task? Ask the developers. Let them explain why they think they are ready. What they will do and how. Let them estimate the effort. Multiply by their individual velocity. Let others estimate the effort. Multiply by their respective individual velocity. Adjust the tasks so that this task gets done on time by the individual whose total time is lower. Once the iteration is finished, recalculate relative speeds. …External incentives do not work.;http://wiki.c2.com/?GetToKnowYourPeoplesSkills;http://soleil-alpin.com/rhea_assets/StructureForTaskEffectiveness.svg;35;0.0063295375
TB_BootCamp.txt;Boot camp;… there are many forces pushing organizations to multi-site development. Have a co-located project kickoff. This starts with development iteration planning and includes doing the first several iterations  together.;https://sites.google.com/a/scrumplop.org/published-patterns/distributed-scrum-pattern-language/boot-camp;http://soleil-alpin.com/rhea_assets/StructureForTaskEffectiveness.svg;26;0.0039231648
