A_Apprenticeship_Apprentice.txt;anticipation;10
A_Apprenticeship_Apprentice.txt;joy;6
A_Apprenticeship_Apprentice.txt;sadness;2
A_Apprenticeship_Apprentice.txt;disgust;2
A_Apprenticeship_Apprentice.txt;anger;3
A_Apprenticeship_Apprentice.txt;surprise;6
A_Apprenticeship_Apprentice.txt;fear;2
A_Apprenticeship_Apprentice.txt;trust;25
A_DayCare.txt;anticipation;26
A_DayCare.txt;joy;14
A_DayCare.txt;sadness;5
A_DayCare.txt;disgust;3
A_DayCare.txt;anger;5
A_DayCare.txt;surprise;8
A_DayCare.txt;fear;7
A_DayCare.txt;trust;74
A_GatherDomainKnowledge.txt;anticipation;12
A_GatherDomainKnowledge.txt;joy;5
A_GatherDomainKnowledge.txt;sadness;6
A_GatherDomainKnowledge.txt;disgust;1
A_GatherDomainKnowledge.txt;anger;2
A_GatherDomainKnowledge.txt;surprise;6
A_GatherDomainKnowledge.txt;fear;8
A_GatherDomainKnowledge.txt;trust;24
A_MasterAndApprentice.txt;anticipation;26
A_MasterAndApprentice.txt;joy;7
A_MasterAndApprentice.txt;sadness;11
A_MasterAndApprentice.txt;disgust;6
A_MasterAndApprentice.txt;anger;9
A_MasterAndApprentice.txt;surprise;7
A_MasterAndApprentice.txt;fear;10
A_MasterAndApprentice.txt;trust;67
A_ParticipantObservation.txt;anticipation;5
A_ParticipantObservation.txt;joy;4
A_ParticipantObservation.txt;sadness;2
A_ParticipantObservation.txt;disgust;1
A_ParticipantObservation.txt;anger;1
A_ParticipantObservation.txt;surprise;2
A_ParticipantObservation.txt;fear;1
A_ParticipantObservation.txt;trust;15
C_CouchCoach.txt;anticipation;1
C_CouchCoach.txt;joy;2
C_CouchCoach.txt;sadness;2
C_CouchCoach.txt;surprise;1
C_CouchCoach.txt;fear;1
C_CouchCoach.txt;trust;2
C_EffectiveCoach.txt;anticipation;13
C_EffectiveCoach.txt;joy;10
C_EffectiveCoach.txt;anger;1
C_EffectiveCoach.txt;surprise;5
C_EffectiveCoach.txt;fear;4
C_EffectiveCoach.txt;trust;51
C_TrainEveryone.txt;anticipation;8
C_TrainEveryone.txt;joy;8
C_TrainEveryone.txt;sadness;1
C_TrainEveryone.txt;anger;1
C_TrainEveryone.txt;surprise;4
C_TrainEveryone.txt;fear;3
C_TrainEveryone.txt;trust;25
CC_BodySpeaks.txt;anticipation;19
CC_BodySpeaks.txt;joy;14
CC_BodySpeaks.txt;sadness;19
CC_BodySpeaks.txt;disgust;5
CC_BodySpeaks.txt;anger;9
CC_BodySpeaks.txt;surprise;16
CC_BodySpeaks.txt;fear;23
CC_BodySpeaks.txt;trust;27
CC_DontInterruptAnInterrupt.txt;anticipation;7
CC_DontInterruptAnInterrupt.txt;joy;4
CC_DontInterruptAnInterrupt.txt;sadness;3
CC_DontInterruptAnInterrupt.txt;disgust;2
CC_DontInterruptAnInterrupt.txt;anger;6
CC_DontInterruptAnInterrupt.txt;surprise;8
CC_DontInterruptAnInterrupt.txt;fear;7
CC_DontInterruptAnInterrupt.txt;trust;10
CC_EverythingVisible.txt;trust;1
CC_EverythingVisible.txt;joy;1
CC_EverythingVisible.txt;anticipation;4
CC_InformationRadiator.txt;anticipation;1
CC_InformationRadiator.txt;trust;2
CC_MailingList.txt;trust;6
CC_ManagementByTriggers.txt;anticipation;11
CC_ManagementByTriggers.txt;joy;8
CC_ManagementByTriggers.txt;sadness;5
CC_ManagementByTriggers.txt;disgust;2
CC_ManagementByTriggers.txt;anger;5
CC_ManagementByTriggers.txt;surprise;5
CC_ManagementByTriggers.txt;fear;12
CC_ManagementByTriggers.txt;trust;25
CC_MultipleCommunicationModes.txt;anticipation;6
CC_MultipleCommunicationModes.txt;joy;6
CC_MultipleCommunicationModes.txt;sadness;1
CC_MultipleCommunicationModes.txt;surprise;2
CC_MultipleCommunicationModes.txt;fear;1
CC_MultipleCommunicationModes.txt;trust;22
CC_NormsOfConduct.txt;anticipation;14
CC_NormsOfConduct.txt;joy;13
CC_NormsOfConduct.txt;sadness;10
CC_NormsOfConduct.txt;disgust;2
CC_NormsOfConduct.txt;anger;10
CC_NormsOfConduct.txt;surprise;4
CC_NormsOfConduct.txt;fear;10
CC_NormsOfConduct.txt;trust;37
CC_OpenUpCommunication.txt;anticipation;37
CC_OpenUpCommunication.txt;joy;19
CC_OpenUpCommunication.txt;sadness;11
CC_OpenUpCommunication.txt;disgust;6
CC_OpenUpCommunication.txt;anger;17
CC_OpenUpCommunication.txt;surprise;12
CC_OpenUpCommunication.txt;fear;32
CC_OpenUpCommunication.txt;trust;163
CC_ProductionPotential.txt;anticipation;54
CC_ProductionPotential.txt;joy;41
CC_ProductionPotential.txt;sadness;14
CC_ProductionPotential.txt;disgust;8
CC_ProductionPotential.txt;anger;4
CC_ProductionPotential.txt;surprise;8
CC_ProductionPotential.txt;fear;21
CC_ProductionPotential.txt;trust;58
CC_ProjectWiki.txt;anticipation;1
CC_ProjectWiki.txt;trust;3
CC_ReciprocalVisibility.txt;anticipation;15
CC_ReciprocalVisibility.txt;joy;9
CC_ReciprocalVisibility.txt;sadness;12
CC_ReciprocalVisibility.txt;disgust;6
CC_ReciprocalVisibility.txt;anger;14
CC_ReciprocalVisibility.txt;surprise;5
CC_ReciprocalVisibility.txt;fear;17
CC_ReciprocalVisibility.txt;trust;34
CC_ReNegotiateComplexity.txt;anticipation;6
CC_ReNegotiateComplexity.txt;joy;3
CC_ReNegotiateComplexity.txt;sadness;4
CC_ReNegotiateComplexity.txt;disgust;1
CC_ReNegotiateComplexity.txt;anger;6
CC_ReNegotiateComplexity.txt;surprise;1
CC_ReNegotiateComplexity.txt;fear;6
CC_ReNegotiateComplexity.txt;trust;9
CC_SocialTracker.txt;anticipation;9
CC_SocialTracker.txt;joy;6
CC_SocialTracker.txt;sadness;3
CC_SocialTracker.txt;disgust;2
CC_SocialTracker.txt;anger;1
CC_SocialTracker.txt;fear;3
CC_SocialTracker.txt;trust;14
CC_WorkQueueReport.txt;anticipation;7
CC_WorkQueueReport.txt;joy;3
CC_WorkQueueReport.txt;sadness;2
CC_WorkQueueReport.txt;disgust;1
CC_WorkQueueReport.txt;anger;1
CC_WorkQueueReport.txt;surprise;1
CC_WorkQueueReport.txt;fear;2
CC_WorkQueueReport.txt;trust;6
GV_GroupValidation.txt;anticipation;6
GV_GroupValidation.txt;joy;9
GV_GroupValidation.txt;sadness;9
GV_GroupValidation.txt;disgust;3
GV_GroupValidation.txt;anger;1
GV_GroupValidation.txt;surprise;3
GV_GroupValidation.txt;fear;9
GV_GroupValidation.txt;trust;29
I_Firewalls.txt;anticipation;16
I_Firewalls.txt;joy;13
I_Firewalls.txt;sadness;5
I_Firewalls.txt;disgust;3
I_Firewalls.txt;anger;12
I_Firewalls.txt;surprise;11
I_Firewalls.txt;fear;13
I_Firewalls.txt;trust;24
I_SmokeFilledRoom.txt;anticipation;5
I_SmokeFilledRoom.txt;joy;3
I_SmokeFilledRoom.txt;sadness;1
I_SmokeFilledRoom.txt;anger;2
I_SmokeFilledRoom.txt;surprise;4
I_SmokeFilledRoom.txt;fear;6
I_SmokeFilledRoom.txt;trust;14
ID_DeliverablesToGo.txt;anticipation;19
ID_DeliverablesToGo.txt;joy;7
ID_DeliverablesToGo.txt;sadness;6
ID_DeliverablesToGo.txt;disgust;3
ID_DeliverablesToGo.txt;anger;7
ID_DeliverablesToGo.txt;surprise;7
ID_DeliverablesToGo.txt;fear;8
ID_DeliverablesToGo.txt;trust;24
ID_DeployAlongTheGrain.txt;anticipation;25
ID_DeployAlongTheGrain.txt;joy;16
ID_DeployAlongTheGrain.txt;sadness;7
ID_DeployAlongTheGrain.txt;disgust;1
ID_DeployAlongTheGrain.txt;anger;3
ID_DeployAlongTheGrain.txt;surprise;9
ID_DeployAlongTheGrain.txt;fear;8
ID_DeployAlongTheGrain.txt;trust;51
ID_DevelopmentEpisode.txt;anticipation;13
ID_DevelopmentEpisode.txt;joy;8
ID_DevelopmentEpisode.txt;sadness;6
ID_DevelopmentEpisode.txt;disgust;1
ID_DevelopmentEpisode.txt;anger;3
ID_DevelopmentEpisode.txt;surprise;4
ID_DevelopmentEpisode.txt;fear;6
ID_DevelopmentEpisode.txt;trust;22
ID_EffectiveHandover.txt;anticipation;27
ID_EffectiveHandover.txt;joy;3
ID_EffectiveHandover.txt;sadness;23
ID_EffectiveHandover.txt;disgust;2
ID_EffectiveHandover.txt;anger;3
ID_EffectiveHandover.txt;surprise;7
ID_EffectiveHandover.txt;fear;16
ID_EffectiveHandover.txt;trust;41
ID_EndToEnd.txt;anticipation;20
ID_EndToEnd.txt;joy;8
ID_EndToEnd.txt;sadness;1
ID_EndToEnd.txt;anger;1
ID_EndToEnd.txt;surprise;3
ID_EndToEnd.txt;fear;3
ID_EndToEnd.txt;trust;20
ID_GenericsAndSpecifics.txt;anticipation;4
ID_GenericsAndSpecifics.txt;joy;4
ID_GenericsAndSpecifics.txt;sadness;7
ID_GenericsAndSpecifics.txt;disgust;1
ID_GenericsAndSpecifics.txt;anger;1
ID_GenericsAndSpecifics.txt;surprise;3
ID_GenericsAndSpecifics.txt;fear;7
ID_GenericsAndSpecifics.txt;trust;27
ID_NoHandoffs.txt;anticipation;8
ID_NoHandoffs.txt;joy;3
ID_NoHandoffs.txt;sadness;5
ID_NoHandoffs.txt;disgust;1
ID_NoHandoffs.txt;anger;3
ID_NoHandoffs.txt;surprise;1
ID_NoHandoffs.txt;fear;7
ID_NoHandoffs.txt;trust;22
ID_PeriodicDemo.txt;anticipation;12
ID_PeriodicDemo.txt;joy;6
ID_PeriodicDemo.txt;sadness;4
ID_PeriodicDemo.txt;disgust;1
ID_PeriodicDemo.txt;anger;3
ID_PeriodicDemo.txt;surprise;5
ID_PeriodicDemo.txt;fear;7
ID_PeriodicDemo.txt;trust;13
ID_PiecemealGrowth.txt;anticipation;17
ID_PiecemealGrowth.txt;joy;6
ID_PiecemealGrowth.txt;sadness;7
ID_PiecemealGrowth.txt;anger;2
ID_PiecemealGrowth.txt;surprise;4
ID_PiecemealGrowth.txt;fear;13
ID_PiecemealGrowth.txt;trust;13
ID_ProductivityGames.txt;anticipation;25
ID_ProductivityGames.txt;joy;7
ID_ProductivityGames.txt;sadness;15
ID_ProductivityGames.txt;disgust;3
ID_ProductivityGames.txt;anger;3
ID_ProductivityGames.txt;surprise;1
ID_ProductivityGames.txt;fear;19
ID_ProductivityGames.txt;trust;36
ID_SomeoneAlwaysMakesProgress.txt;anticipation;20
ID_SomeoneAlwaysMakesProgress.txt;joy;14
ID_SomeoneAlwaysMakesProgress.txt;sadness;6
ID_SomeoneAlwaysMakesProgress.txt;disgust;1
ID_SomeoneAlwaysMakesProgress.txt;anger;6
ID_SomeoneAlwaysMakesProgress.txt;surprise;4
ID_SomeoneAlwaysMakesProgress.txt;fear;14
ID_SomeoneAlwaysMakesProgress.txt;trust;25
ID_Sprint.txt;anticipation;52
ID_Sprint.txt;joy;22
ID_Sprint.txt;sadness;11
ID_Sprint.txt;disgust;2
ID_Sprint.txt;anger;8
ID_Sprint.txt;surprise;12
ID_Sprint.txt;fear;23
ID_Sprint.txt;trust;81
MC_AdhocMeeting.txt;anticipation;27
MC_AdhocMeeting.txt;joy;7
MC_AdhocMeeting.txt;sadness;13
MC_AdhocMeeting.txt;disgust;7
MC_AdhocMeeting.txt;anger;5
MC_AdhocMeeting.txt;surprise;12
MC_AdhocMeeting.txt;fear;7
MC_AdhocMeeting.txt;trust;23
MC_DesignMeeting.txt;fear;2
MC_DesignMeeting.txt;trust;1
MC_DesignMeeting.txt;sadness;2
MC_FrequentShortMeetings.txt;anticipation;33
MC_FrequentShortMeetings.txt;joy;13
MC_FrequentShortMeetings.txt;sadness;11
MC_FrequentShortMeetings.txt;disgust;1
MC_FrequentShortMeetings.txt;anger;3
MC_FrequentShortMeetings.txt;surprise;8
MC_FrequentShortMeetings.txt;fear;11
MC_FrequentShortMeetings.txt;trust;87
MC_RecommitmentMeeting.txt;anticipation;9
MC_RecommitmentMeeting.txt;joy;3
MC_RecommitmentMeeting.txt;sadness;2
MC_RecommitmentMeeting.txt;disgust;2
MC_RecommitmentMeeting.txt;anger;1
MC_RecommitmentMeeting.txt;surprise;3
MC_RecommitmentMeeting.txt;fear;1
MC_RecommitmentMeeting.txt;trust;11
MC_StandupMeetingA.txt;anticipation;18
MC_StandupMeetingA.txt;joy;5
MC_StandupMeetingA.txt;sadness;10
MC_StandupMeetingA.txt;disgust;3
MC_StandupMeetingA.txt;anger;3
MC_StandupMeetingA.txt;surprise;3
MC_StandupMeetingA.txt;fear;20
MC_StandupMeetingA.txt;trust;35
MC_StandupMeetingB.txt;anticipation;22
MC_StandupMeetingB.txt;joy;7
MC_StandupMeetingB.txt;sadness;2
MC_StandupMeetingB.txt;disgust;4
MC_StandupMeetingB.txt;anger;4
MC_StandupMeetingB.txt;surprise;3
MC_StandupMeetingB.txt;fear;4
MC_StandupMeetingB.txt;trust;31
MC_StatusMeeting.txt;anger;1
MC_StatusMeeting.txt;fear;1
MC_StatusMeeting.txt;trust;3
MC_StatusMeeting.txt;sadness;1
PP_DevelopingInPairs.txt;anticipation;26
PP_DevelopingInPairs.txt;joy;14
PP_DevelopingInPairs.txt;sadness;16
PP_DevelopingInPairs.txt;disgust;4
PP_DevelopingInPairs.txt;anger;10
PP_DevelopingInPairs.txt;surprise;9
PP_DevelopingInPairs.txt;fear;17
PP_DevelopingInPairs.txt;trust;44
PP_PairToShare.txt;anticipation;37
PP_PairToShare.txt;joy;17
PP_PairToShare.txt;sadness;2
PP_PairToShare.txt;disgust;1
PP_PairToShare.txt;anger;3
PP_PairToShare.txt;surprise;10
PP_PairToShare.txt;fear;4
PP_PairToShare.txt;trust;47
PP_RemotePair.txt;anticipation;9
PP_RemotePair.txt;joy;7
PP_RemotePair.txt;sadness;4
PP_RemotePair.txt;disgust;1
PP_RemotePair.txt;fear;6
PP_RemotePair.txt;trust;26
R_FailedProjectWake.txt;anticipation;22
R_FailedProjectWake.txt;joy;18
R_FailedProjectWake.txt;sadness;20
R_FailedProjectWake.txt;disgust;9
R_FailedProjectWake.txt;anger;12
R_FailedProjectWake.txt;surprise;16
R_FailedProjectWake.txt;fear;16
R_FailedProjectWake.txt;trust;25
R_GrandeFinale.txt;anticipation;26
R_GrandeFinale.txt;joy;26
R_GrandeFinale.txt;sadness;18
R_GrandeFinale.txt;disgust;3
R_GrandeFinale.txt;anger;8
R_GrandeFinale.txt;surprise;15
R_GrandeFinale.txt;fear;9
R_GrandeFinale.txt;trust;31
R_ReaffirmationRitual.txt;anticipation;15
R_ReaffirmationRitual.txt;joy;11
R_ReaffirmationRitual.txt;sadness;4
R_ReaffirmationRitual.txt;anger;1
R_ReaffirmationRitual.txt;surprise;6
R_ReaffirmationRitual.txt;fear;3
R_ReaffirmationRitual.txt;trust;21
R_SolidarityRitual.txt;anticipation;11
R_SolidarityRitual.txt;joy;14
R_SolidarityRitual.txt;disgust;1
R_SolidarityRitual.txt;anger;4
R_SolidarityRitual.txt;surprise;5
R_SolidarityRitual.txt;fear;4
R_SolidarityRitual.txt;trust;41
RM_Ambassador.txt;anticipation;10
RM_Ambassador.txt;joy;3
RM_Ambassador.txt;sadness;3
RM_Ambassador.txt;disgust;1
RM_Ambassador.txt;anger;5
RM_Ambassador.txt;surprise;2
RM_Ambassador.txt;fear;4
RM_Ambassador.txt;trust;22
RM_BeHuman.txt;trust;1
RM_CreateTheIdealCustomer.txt;anticipation;48
RM_CreateTheIdealCustomer.txt;joy;30
RM_CreateTheIdealCustomer.txt;sadness;15
RM_CreateTheIdealCustomer.txt;disgust;3
RM_CreateTheIdealCustomer.txt;anger;13
RM_CreateTheIdealCustomer.txt;surprise;14
RM_CreateTheIdealCustomer.txt;fear;54
RM_CreateTheIdealCustomer.txt;trust;133
RM_GuruingByWalkingAround.txt;anticipation;17
RM_GuruingByWalkingAround.txt;joy;9
RM_GuruingByWalkingAround.txt;sadness;6
RM_GuruingByWalkingAround.txt;disgust;3
RM_GuruingByWalkingAround.txt;anger;6
RM_GuruingByWalkingAround.txt;surprise;3
RM_GuruingByWalkingAround.txt;fear;5
RM_GuruingByWalkingAround.txt;trust;19
RM_JoinForCompletion.txt;anticipation;46
RM_JoinForCompletion.txt;joy;21
RM_JoinForCompletion.txt;sadness;14
RM_JoinForCompletion.txt;disgust;3
RM_JoinForCompletion.txt;anger;5
RM_JoinForCompletion.txt;surprise;16
RM_JoinForCompletion.txt;fear;23
RM_JoinForCompletion.txt;trust;69
RM_ProtectTheVictim.txt;anticipation;10
RM_ProtectTheVictim.txt;joy;7
RM_ProtectTheVictim.txt;sadness;32
RM_ProtectTheVictim.txt;disgust;17
RM_ProtectTheVictim.txt;anger;25
RM_ProtectTheVictim.txt;surprise;7
RM_ProtectTheVictim.txt;fear;26
RM_ProtectTheVictim.txt;trust;13
RM_ShelteringManager.txt;anticipation;2
RM_ShelteringManager.txt;fear;1
RM_ShelteringManager.txt;trust;5
RM_ShelteringManager.txt;surprise;1
RM_ShelteringManager.txt;joy;1
RM_Wanderer.txt;anticipation;27
RM_Wanderer.txt;joy;15
RM_Wanderer.txt;sadness;10
RM_Wanderer.txt;disgust;5
RM_Wanderer.txt;anger;9
RM_Wanderer.txt;surprise;14
RM_Wanderer.txt;fear;14
RM_Wanderer.txt;trust;43
SO_ConsiderPManAsset.txt;anticipation;43
SO_ConsiderPManAsset.txt;joy;26
SO_ConsiderPManAsset.txt;sadness;13
SO_ConsiderPManAsset.txt;anger;15
SO_ConsiderPManAsset.txt;surprise;18
SO_ConsiderPManAsset.txt;fear;27
SO_ConsiderPManAsset.txt;trust;154
SO_LegendRole.txt;anticipation;29
SO_LegendRole.txt;joy;16
SO_LegendRole.txt;sadness;14
SO_LegendRole.txt;anger;7
SO_LegendRole.txt;surprise;14
SO_LegendRole.txt;fear;18
SO_LegendRole.txt;trust;67
SO_TeamOwnsIndividualVelocities.txt;anticipation;13
SO_TeamOwnsIndividualVelocities.txt;joy;7
SO_TeamOwnsIndividualVelocities.txt;sadness;6
SO_TeamOwnsIndividualVelocities.txt;disgust;4
SO_TeamOwnsIndividualVelocities.txt;anger;5
SO_TeamOwnsIndividualVelocities.txt;surprise;2
SO_TeamOwnsIndividualVelocities.txt;fear;7
SO_TeamOwnsIndividualVelocities.txt;trust;22
T_CollectiveResponsibility.txt;anticipation;15
T_CollectiveResponsibility.txt;joy;14
T_CollectiveResponsibility.txt;sadness;7
T_CollectiveResponsibility.txt;disgust;8
T_CollectiveResponsibility.txt;anger;8
T_CollectiveResponsibility.txt;surprise;9
T_CollectiveResponsibility.txt;fear;10
T_CollectiveResponsibility.txt;trust;37
T_CommunityOfTrust.txt;anticipation;25
T_CommunityOfTrust.txt;joy;17
T_CommunityOfTrust.txt;sadness;8
T_CommunityOfTrust.txt;disgust;6
T_CommunityOfTrust.txt;anger;9
T_CommunityOfTrust.txt;surprise;7
T_CommunityOfTrust.txt;fear;13
T_CommunityOfTrust.txt;trust;56
T_TeamWherePeopleMatter.txt;anticipation;48
T_TeamWherePeopleMatter.txt;joy;29
T_TeamWherePeopleMatter.txt;sadness;17
T_TeamWherePeopleMatter.txt;disgust;6
T_TeamWherePeopleMatter.txt;anger;10
T_TeamWherePeopleMatter.txt;surprise;13
T_TeamWherePeopleMatter.txt;fear;15
T_TeamWherePeopleMatter.txt;trust;95
T_VisitsBuildTrust.txt;anticipation;8
T_VisitsBuildTrust.txt;joy;5
T_VisitsBuildTrust.txt;sadness;5
T_VisitsBuildTrust.txt;disgust;2
T_VisitsBuildTrust.txt;anger;3
T_VisitsBuildTrust.txt;surprise;3
T_VisitsBuildTrust.txt;fear;5
T_VisitsBuildTrust.txt;trust;35
TB_BootCamp.txt;anticipation;15
TB_BootCamp.txt;joy;7
TB_BootCamp.txt;anger;1
TB_BootCamp.txt;surprise;3
TB_BootCamp.txt;fear;1
TB_BootCamp.txt;trust;24
TB_Bootstrapping.txt;anticipation;21
TB_Bootstrapping.txt;joy;13
TB_Bootstrapping.txt;sadness;10
TB_Bootstrapping.txt;disgust;2
TB_Bootstrapping.txt;anger;5
TB_Bootstrapping.txt;surprise;7
TB_Bootstrapping.txt;fear;13
TB_Bootstrapping.txt;trust;64
TB_DiverseGroups.txt;anticipation;11
TB_DiverseGroups.txt;joy;14
TB_DiverseGroups.txt;sadness;8
TB_DiverseGroups.txt;anger;3
TB_DiverseGroups.txt;surprise;8
TB_DiverseGroups.txt;fear;10
TB_DiverseGroups.txt;trust;34
TB_FaceToFaceBeforeRemote.txt;anticipation;22
TB_FaceToFaceBeforeRemote.txt;joy;17
TB_FaceToFaceBeforeRemote.txt;sadness;10
TB_FaceToFaceBeforeRemote.txt;disgust;1
TB_FaceToFaceBeforeRemote.txt;anger;9
TB_FaceToFaceBeforeRemote.txt;surprise;19
TB_FaceToFaceBeforeRemote.txt;fear;10
TB_FaceToFaceBeforeRemote.txt;trust;46
TB_ForgeTheTeam.txt;anticipation;2
TB_ForgeTheTeam.txt;fear;2
TB_ForgeTheTeam.txt;trust;11
TB_ForgeTheTeam.txt;joy;1
TB_FormFollowsFunction.txt;anticipation;11
TB_FormFollowsFunction.txt;joy;10
TB_FormFollowsFunction.txt;sadness;5
TB_FormFollowsFunction.txt;anger;3
TB_FormFollowsFunction.txt;surprise;10
TB_FormFollowsFunction.txt;fear;6
TB_FormFollowsFunction.txt;trust;27
TB_GrowingYourTeam.txt;anticipation;12
TB_GrowingYourTeam.txt;joy;10
TB_GrowingYourTeam.txt;sadness;2
TB_GrowingYourTeam.txt;surprise;3
TB_GrowingYourTeam.txt;fear;7
TB_GrowingYourTeam.txt;trust;22
TB_Kickoff.txt;anticipation;8
TB_Kickoff.txt;joy;3
TB_Kickoff.txt;sadness;2
TB_Kickoff.txt;disgust;2
TB_Kickoff.txt;anger;5
TB_Kickoff.txt;fear;3
TB_Kickoff.txt;trust;21
TB_LockEmUpTogether.txt;anticipation;12
TB_LockEmUpTogether.txt;joy;7
TB_LockEmUpTogether.txt;sadness;1
TB_LockEmUpTogether.txt;disgust;1
TB_LockEmUpTogether.txt;anger;3
TB_LockEmUpTogether.txt;surprise;6
TB_LockEmUpTogether.txt;fear;1
TB_LockEmUpTogether.txt;trust;34
TB_MercenaryAnalyst.txt;anticipation;53
TB_MercenaryAnalyst.txt;joy;47
TB_MercenaryAnalyst.txt;sadness;23
TB_MercenaryAnalyst.txt;disgust;3
TB_MercenaryAnalyst.txt;anger;12
TB_MercenaryAnalyst.txt;surprise;29
TB_MercenaryAnalyst.txt;fear;31
TB_MercenaryAnalyst.txt;trust;95
TB_PhasingItIn.txt;anticipation;26
TB_PhasingItIn.txt;joy;23
TB_PhasingItIn.txt;sadness;3
TB_PhasingItIn.txt;disgust;1
TB_PhasingItIn.txt;anger;1
TB_PhasingItIn.txt;surprise;7
TB_PhasingItIn.txt;fear;1
TB_PhasingItIn.txt;trust;39
TB_SelfSelectingTeam.txt;anticipation;10
TB_SelfSelectingTeam.txt;joy;11
TB_SelfSelectingTeam.txt;sadness;5
TB_SelfSelectingTeam.txt;disgust;1
TB_SelfSelectingTeam.txt;anger;2
TB_SelfSelectingTeam.txt;surprise;4
TB_SelfSelectingTeam.txt;fear;4
TB_SelfSelectingTeam.txt;trust;41
TB_WorkGroup.txt;anticipation;9
TB_WorkGroup.txt;joy;1
TB_WorkGroup.txt;sadness;3
TB_WorkGroup.txt;anger;1
TB_WorkGroup.txt;surprise;5
TB_WorkGroup.txt;fear;3
TB_WorkGroup.txt;trust;9
TD_ArchitectureTeam.txt;anticipation;18
TD_ArchitectureTeam.txt;joy;10
TD_ArchitectureTeam.txt;sadness;2
TD_ArchitectureTeam.txt;disgust;2
TD_ArchitectureTeam.txt;anger;3
TD_ArchitectureTeam.txt;surprise;6
TD_ArchitectureTeam.txt;fear;4
TD_ArchitectureTeam.txt;trust;66
TD_DelegateComplexity.txt;anticipation;16
TD_DelegateComplexity.txt;joy;12
TD_DelegateComplexity.txt;sadness;11
TD_DelegateComplexity.txt;disgust;4
TD_DelegateComplexity.txt;anger;2
TD_DelegateComplexity.txt;surprise;10
TD_DelegateComplexity.txt;fear;17
TD_DelegateComplexity.txt;trust;26
TD_DocIsJustAnotherTask.txt;joy;1
TD_DocIsJustAnotherTask.txt;trust;1
TD_FeatureAssignment.txt;anticipation;5
TD_FeatureAssignment.txt;joy;2
TD_FeatureAssignment.txt;sadness;6
TD_FeatureAssignment.txt;anger;1
TD_FeatureAssignment.txt;surprise;1
TD_FeatureAssignment.txt;fear;6
TD_FeatureAssignment.txt;trust;16
TD_GetToKnowYourPeopleSkills.txt;anticipation;7
TD_GetToKnowYourPeopleSkills.txt;joy;2
TD_GetToKnowYourPeopleSkills.txt;sadness;4
TD_GetToKnowYourPeopleSkills.txt;disgust;2
TD_GetToKnowYourPeopleSkills.txt;anger;3
TD_GetToKnowYourPeopleSkills.txt;surprise;1
TD_GetToKnowYourPeopleSkills.txt;fear;4
TD_GetToKnowYourPeopleSkills.txt;trust;6
TD_IndividualStakeholderBudgets.txt;anticipation;9
TD_IndividualStakeholderBudgets.txt;joy;5
TD_IndividualStakeholderBudgets.txt;sadness;5
TD_IndividualStakeholderBudgets.txt;anger;5
TD_IndividualStakeholderBudgets.txt;surprise;5
TD_IndividualStakeholderBudgets.txt;fear;4
TD_IndividualStakeholderBudgets.txt;trust;7
TD_InformalLaborPlan.txt;anticipation;23
TD_InformalLaborPlan.txt;joy;9
TD_InformalLaborPlan.txt;sadness;1
TD_InformalLaborPlan.txt;anger;2
TD_InformalLaborPlan.txt;surprise;8
TD_InformalLaborPlan.txt;fear;1
TD_InformalLaborPlan.txt;trust;21
TD_InterruptsUnjamBlocking.txt;anticipation;18
TD_InterruptsUnjamBlocking.txt;joy;8
TD_InterruptsUnjamBlocking.txt;sadness;8
TD_InterruptsUnjamBlocking.txt;disgust;1
TD_InterruptsUnjamBlocking.txt;anger;5
TD_InterruptsUnjamBlocking.txt;surprise;10
TD_InterruptsUnjamBlocking.txt;fear;8
TD_InterruptsUnjamBlocking.txt;trust;19
TD_LocalDecisionCommunities.txt;anticipation;8
TD_LocalDecisionCommunities.txt;joy;7
TD_LocalDecisionCommunities.txt;sadness;4
TD_LocalDecisionCommunities.txt;disgust;4
TD_LocalDecisionCommunities.txt;anger;2
TD_LocalDecisionCommunities.txt;fear;8
TD_LocalDecisionCommunities.txt;trust;39
TD_RoundPegsForRoundHoles.txt;anticipation;20
TD_RoundPegsForRoundHoles.txt;joy;10
TD_RoundPegsForRoundHoles.txt;sadness;7
TD_RoundPegsForRoundHoles.txt;disgust;5
TD_RoundPegsForRoundHoles.txt;anger;5
TD_RoundPegsForRoundHoles.txt;surprise;6
TD_RoundPegsForRoundHoles.txt;fear;15
TD_RoundPegsForRoundHoles.txt;trust;22
TD_SacrificeOnePerson.txt;anticipation;29
TD_SacrificeOnePerson.txt;joy;6
TD_SacrificeOnePerson.txt;sadness;6
TD_SacrificeOnePerson.txt;disgust;6
TD_SacrificeOnePerson.txt;anger;6
TD_SacrificeOnePerson.txt;surprise;3
TD_SacrificeOnePerson.txt;fear;7
TD_SacrificeOnePerson.txt;trust;31
TD_TeamPerTask.txt;anticipation;38
TD_TeamPerTask.txt;joy;10
TD_TeamPerTask.txt;sadness;15
TD_TeamPerTask.txt;disgust;7
TD_TeamPerTask.txt;anger;6
TD_TeamPerTask.txt;surprise;10
TD_TeamPerTask.txt;fear;20
TD_TeamPerTask.txt;trust;50
TD_WorkSplit.txt;anticipation;7
TD_WorkSplit.txt;joy;2
TD_WorkSplit.txt;sadness;3
TD_WorkSplit.txt;surprise;3
TD_WorkSplit.txt;fear;6
TD_WorkSplit.txt;trust;4
TL_EpisodeReview.txt;trust;1
TL_EpisodeReview.txt;joy;1
TL_EpisodeReview.txt;fear;1
TL_EpisodeReview.txt;anticipation;1
TL_EpisodeReview.txt;sadness;1
TL_FairMemory.txt;anticipation;7
TL_FairMemory.txt;joy;3
TL_FairMemory.txt;sadness;3
TL_FairMemory.txt;anger;1
TL_FairMemory.txt;surprise;1
TL_FairMemory.txt;fear;3
TL_FairMemory.txt;trust;8
TL_Retreat.txt;sadness;2
TL_Retreat.txt;anticipation;1
TL_Retreat.txt;fear;1
TL_Retrospective.txt;trust;2
TL_Retrospective.txt;joy;1
TL_Retrospective.txt;fear;1
TL_Retrospective.txt;anticipation;1
TL_SaunaSprintReview.txt;anticipation;17
TL_SaunaSprintReview.txt;joy;15
TL_SaunaSprintReview.txt;sadness;1
TL_SaunaSprintReview.txt;disgust;1
TL_SaunaSprintReview.txt;anger;1
TL_SaunaSprintReview.txt;surprise;9
TL_SaunaSprintReview.txt;fear;1
TL_SaunaSprintReview.txt;trust;18
TL_ShowAndTell.txt;anticipation;19
TL_ShowAndTell.txt;joy;12
TL_ShowAndTell.txt;sadness;11
TL_ShowAndTell.txt;disgust;7
TL_ShowAndTell.txt;anger;5
TL_ShowAndTell.txt;surprise;6
TL_ShowAndTell.txt;fear;14
TL_ShowAndTell.txt;trust;45
TL_SprintRetrospective.txt;anticipation;49
TL_SprintRetrospective.txt;joy;24
TL_SprintRetrospective.txt;sadness;20
TL_SprintRetrospective.txt;disgust;4
TL_SprintRetrospective.txt;anger;9
TL_SprintRetrospective.txt;surprise;10
TL_SprintRetrospective.txt;fear;39
TL_SprintRetrospective.txt;trust;59
V_CohesiveTeam.txt;anticipation;14
V_CohesiveTeam.txt;joy;11
V_CohesiveTeam.txt;sadness;29
V_CohesiveTeam.txt;disgust;1
V_CohesiveTeam.txt;anger;9
V_CohesiveTeam.txt;surprise;2
V_CohesiveTeam.txt;fear;33
V_CohesiveTeam.txt;trust;54
V_Compass.txt;anticipation;17
V_Compass.txt;joy;8
V_Compass.txt;sadness;17
V_Compass.txt;disgust;7
V_Compass.txt;anger;14
V_Compass.txt;surprise;4
V_Compass.txt;fear;17
V_Compass.txt;trust;22
V_PlanningWorkshop.txt;trust;4
V_PlanningWorkshop.txt;anticipation;6
V_SetThePegs.txt;anticipation;40
V_SetThePegs.txt;joy;13
V_SetThePegs.txt;sadness;8
V_SetThePegs.txt;disgust;3
V_SetThePegs.txt;anger;8
V_SetThePegs.txt;surprise;15
V_SetThePegs.txt;fear;26
V_SetThePegs.txt;trust;65
V_SharedClearVision.txt;anticipation;25
V_SharedClearVision.txt;joy;12
V_SharedClearVision.txt;sadness;8
V_SharedClearVision.txt;disgust;2
V_SharedClearVision.txt;anger;9
V_SharedClearVision.txt;surprise;7
V_SharedClearVision.txt;fear;8
V_SharedClearVision.txt;trust;35
V_UnityOfPurpose.txt;anticipation;27
V_UnityOfPurpose.txt;joy;19
V_UnityOfPurpose.txt;sadness;4
V_UnityOfPurpose.txt;disgust;2
V_UnityOfPurpose.txt;anger;5
V_UnityOfPurpose.txt;surprise;9
V_UnityOfPurpose.txt;fear;7
V_UnityOfPurpose.txt;trust;57
V_Vision.txt;anticipation;65
V_Vision.txt;joy;38
V_Vision.txt;sadness;14
V_Vision.txt;disgust;5
V_Vision.txt;anger;14
V_Vision.txt;surprise;12
V_Vision.txt;fear;17
V_Vision.txt;trust;65
WT_CoffeeKitchen.txt;anticipation;36
WT_CoffeeKitchen.txt;joy;21
WT_CoffeeKitchen.txt;sadness;18
WT_CoffeeKitchen.txt;disgust;3
WT_CoffeeKitchen.txt;anger;6
WT_CoffeeKitchen.txt;surprise;24
WT_CoffeeKitchen.txt;fear;16
WT_CoffeeKitchen.txt;trust;37
WT_FieldDay.txt;anticipation;19
WT_FieldDay.txt;joy;15
WT_FieldDay.txt;sadness;10
WT_FieldDay.txt;disgust;2
WT_FieldDay.txt;anger;8
WT_FieldDay.txt;surprise;6
WT_FieldDay.txt;fear;10
WT_FieldDay.txt;trust;24
WT_PairProgrammingFacilities.txt;surprise;1
WT_PairProgrammingFacilities.txt;fear;1
WT_PairProgrammingFacilities.txt;sadness;1
WT_PreparedWorkspace.txt;anticipation;42
WT_PreparedWorkspace.txt;joy;26
WT_PreparedWorkspace.txt;sadness;7
WT_PreparedWorkspace.txt;disgust;5
WT_PreparedWorkspace.txt;anger;5
WT_PreparedWorkspace.txt;surprise;10
WT_PreparedWorkspace.txt;fear;9
WT_PreparedWorkspace.txt;trust;101
WT_PrivateSpace.txt;anticipation;18
WT_PrivateSpace.txt;joy;10
WT_PrivateSpace.txt;sadness;6
WT_PrivateSpace.txt;anger;4
WT_PrivateSpace.txt;surprise;4
WT_PrivateSpace.txt;fear;4
WT_PrivateSpace.txt;trust;32
WT_TeamSpace.txt;anticipation;10
WT_TeamSpace.txt;joy;10
WT_TeamSpace.txt;sadness;8
WT_TeamSpace.txt;disgust;1
WT_TeamSpace.txt;anger;3
WT_TeamSpace.txt;surprise;4
WT_TeamSpace.txt;fear;9
WT_TeamSpace.txt;trust;32
WT_VirtualSharedLocation.txt;anticipation;12
WT_VirtualSharedLocation.txt;joy;10
WT_VirtualSharedLocation.txt;sadness;2
WT_VirtualSharedLocation.txt;disgust;2
WT_VirtualSharedLocation.txt;anger;2
WT_VirtualSharedLocation.txt;surprise;2
WT_VirtualSharedLocation.txt;fear;3
WT_VirtualSharedLocation.txt;trust;26
WT_WaterCooler.txt;anticipation;31
WT_WaterCooler.txt;joy;28
WT_WaterCooler.txt;sadness;18
WT_WaterCooler.txt;disgust;7
WT_WaterCooler.txt;anger;8
WT_WaterCooler.txt;surprise;20
WT_WaterCooler.txt;fear;18
WT_WaterCooler.txt;trust;69
