early stuff documented;0.0
quattro pro;0.0
mercenary analyst;0.0
alberti understood;0.0
technical documentation;0.0
combining mercenaryanalyst;0.0
mercenary;0.0
projects;0.0
expertise;0.0
borland;0.0
developers;0.0
tools;0.0
teams;0.0
patronrole;0.0
foreign element;0.0
interrupt;-0.34
complete;0.0
thrashing;0.0
scheduling;0.0
someonealwaysmakesprogress;0.0
project;0.0
customer;0.0
product;0.0
customers;0.0
develop;0.0
design;0.0
sense;0.0
requires;0.0
team members;0.0
work hours;0.0
team member;0.0
local team;0.0
global team;0.0
local decisions;0.0
distributed team;0.0
system design;0.0
project planning;0.0
preplanned meetings;0.0
domain experts;0.0
constant focus;0.0
visiting team members;0.0
remote team members;0.0
single offices;0.0
team room;0.0
silent room;0.0
private time;0.0
meeting area;0.0
work methods;0.0
vc equipment;0.0
current project;0.0
concise status;0.0
design discussions;0.0
empirical process;0.0
iteration;0.0
meeting;0.0
meetings;0.0
short;0.0
purpose;0.0
stand;0.0
scheduled;0.0
letting;0.0
visits build trust;0.5106
remote group;0.0
longer;0.0
location;0.0
ambassador;0.0
sites;0.0
codebase;0.0
members;0.0
reciprocal visibility;0.0
scott;0.0
actions;0.0
pattern;0.0
managers;0.0
involved;0.0
understood;0.0
state;0.0
punished;-0.4588
remote pairing;0.0
reaffirmation ritual;0.0
organization;0.0
world;0.0
fountain;0.0
employees;0.0
coffee kitchen;0.0
project manager;0.0
compilation process;0.0
status;0.0
information;0.0
management;0.0
problems;-0.4019
important;0.2023
walking;0.0
coach;0.0
wanderer;0.0
delegate complexity;0.0
complexity;0.0
people;0.0
urgent;0.2023
engineers;0.0
virtual shared location;0.34
place;0.0
local decision communities;0.0
opinions;0.0
decisions;0.0
small groups;0.0
rigor;0.0
architecture;0.0
understanding;0.0
roles;0.0
seating facilities;0.0
leaders;0.0
lateral thinking;0.0
social interaction;0.0
current problem;-0.4019
coffee;0.0
provide;0.0
space;0.0
break;0.0
problem;-0.4019
core flow;0.0
organizations;0.0
agile project team;0.0
agile project customer;0.0
senior manager;0.0
user interface;0.0
agile team;0.0
agile project;0.0
project management;0.0
change requests;0.0
term solution;0.3182
team performance;0.0
change request;0.0
project invariants;0.0
team learning;0.0
systemic problems;-0.4019
quality;0.0
review;0.0
virtual teams;0.0
project management workflow;0.0
team cohesion;0.0
effective;0.4767
implementation;0.0
system;0.0
focus;0.0
local knowledge;0.0
sprint review;0.0
process improvement;0.4588
sprint;0.0
close;0.0
facilitative team leaders;0.0
celebration;0.0
critical resource;-0.3182
process;0.0
service;0.0
task effectiveness;0.0
resource;0.0
team effort;0.0
unified process;0.3818
hardware;0.0
provider;0.0
work processes;0.0
impossible;0.0
wasting time;-0.4019
group members;0.0
group leader;0.0
group;0.0
event;0.0
leader;0.0
person;0.0
program;0.0
compass;0.0
despair;-0.3182
students;0.0
responsibility;0.0
feedback;0.0
systems theory;0.0
younger project members;0.0
extreme programming practices;0.0
kickoff meeting;0.0
private judgement;0.0
growth path;0.3818
team conflicts;-0.3818
team bonding;0.0
pattern talks;0.0
successful completion;0.5859
primary function;0.0
prototype team identity;0.0
low productivity;-0.2732
social identity;0.0
creating;0.296
maintain;0.0
interpersonal process;0.0
culture;0.0
characterized;0.0
private space;0.0
private affairs;0.0
respect;0.4767
privacy;0.0
scale working conditions;0.0
banned;-0.4588
common;0.0
cubicles;0.0
retreat;0.2023
scrum team;0.0
high performance;0.0
productive conflict;-0.3182
norms;0.0
conduct;0.0
promises;0.3818
engage;0.34
team values;0.4019
formed;0.0
professors;0.0
accountable;0.0
mythical man;0.0
running software;0.0
training team;0.0
progress team;0.4215
make progress;0.4215
total productivity;0.0
training;0.0
daycare;0.0
productivity;0.0
leadership;0.0
separate;0.0
novices;0.0
design reviews;0.0
patterns;0.0
communication;0.0
trust;0.5106
leadership function;0.0
related;0.0
obvious;0.0
empowerment;0.0
communityoftrust;0.0
conflicts;-0.3818
responsibilities;0.0
oriented management approaches;0.0
optimistic estimator;0.3182
individual velocities;0.0
identity;0.0
individual velocity;0.0
individual;0.0
estimates;0.0
tasks;0.0
velocity;0.0
developer;0.0
pessimistic;-0.3612
numbers;0.0
core technologies;0.0
team thinks;0.0
journey;0.0
team leaders;0.0
change;0.0
level;0.0
water cooler;0.0
locker room;0.0
shared sense;0.34
test driven development;0.0
task completion;0.0
company;0.0
work endeavour;0.0
continuous integration;0.0
building;0.0
energies;0.2263
context;0.0
finding;0.0
solution;0.3182
programmers;0.0
solving;0.34
blaming;-0.4939
failure;-0.5106
common motivation;0.34
cohesive team;0.0
constraint discovery;0.0
business domain;0.0
problem space;-0.4019
users;0.0
interests;0.25
activities;0.0
requirements;0.0
adhoc meeting;0.0
status meeting;0.0
issue;0.0
topic;0.0
stake;0.0
missing;-0.296
ah ha;0.34
episode;0.0
development;0.0
point;0.0
bibref;0.0
specialty;0.0
master;0.0
build;0.0
shared;0.34
diminish;0.0
critical mass;-0.3182
early;0.0
staff;0.0
business;0.0
cover;0.0
individuals;0.0
tests written;0.0
information radiators;0.0
grained knowledge;0.0
tracker;0.0
completed;0.0
progress;0.4215
number;0.0772
senior project manager;0.0
agile team works;0.0
senior management;0.0
agile approaches;0.0
determined work;0.34
projects goals;0.0
framework conditions;0.0
organized work;0.0
allocate tasks appropriately;0.0
working;0.0
assignments;0.0
preferences;0.0
observations;0.0
technologies;0.0
assignment;0.0
feature;0.0
features;0.0
doesn;0.0
codeownership;0.0
featureassignment;0.0
approach;0.0
team takes ownership;0.0
product organization;0.0
retrieved august 27;0.0
shared goal;0.34
product vision;0.25
great vision;0.7269
toyota;0.0
vision;0.25
tracking;0.0
control;0.0
adding;0.0
vases;0.0
trigger;0.0
hands;0.0
class;0.0
split;0.0
mediation process;0.0
long time;0.0
group life;0.0
expected norms;0.0
values;0.4019
rules;0.0
behavior;0.0
kickoff;0.0
knowledge;0.0
offer;0.0
share;0.296
newbies;0.0
cocky;-0.128
saunter;0.0
arrogant;-0.4939
multiply;0.0
estimate;0.0
effort;0.0
tight coupling;0.0
reviews;0.0
pharmacist;0.0
written;0.0
programmer;0.0
pairs;0.0
tester;0.0
team progress;0.4215
production potential;0.0
potential energy;0.2732
fair assessment;0.3182
source code;0.0
motivation;0.34
force;0.0
Training;0.0
early feedback;0.0
authority;0.0772
nontask;0.0
ground rules;0.0
communication plan;0.0
losing control;-0.3818
control information;0.0
need;0.0
skill;0.0
decide;0.0
border;0.0
trident project;0.0
operation;0.0
party;0.4019
reasons;0.0
death;-0.5994
success;0.5719
ahead;0.0
mourning;-0.4404
canceled;0.0
efforts;0.0
daily scrum meetings;0.0
real progress;0.4215
scrum meetings;0.0
work undisturbed;0.0
development process;0.0
project managers;0.0
scrum;0.0
recognition;0.0
risk;-0.2732
allocated;0.0
unpredictable;0.0
competency;0.0
working remotely;0.0
social aspects;0.0
united states;0.4215
big deal;0.0
face meeting;0.0
initial meeting;0.0
distributed project;0.0
confidence;0.5106
goal;0.0
utilization;0.0
conversations;0.0
thinking;0.0
shared vision;0.5267
final product;0.0
personnel;0.0
support;0.4019
unityofpurpose;0.0
self-management;0.0
strategy;0.0
means;0.0
member;0.0
schedule;0.0
backgrounds;0.0
competition;0.0
cohesiveness;0.0
agile development;0.0
collective responsibility;0.0
blame;-0.34
assumption;0.0
pressure;-0.296
role;0.0
rights;0.0
things;0.0
wrong;-0.4767
market;0.0
ambiguity;0.0
situations;0.0
productivity games;0.0
iterative development;0.0
game playing;0.2023
shared culture;0.34
performance;0.0
team;0.0
deliverable;0.0
conflict;-0.3182
interaction;0.0
direction;0.0
customer contacts;0.0
someone;0.0
boulder;0.0
ability;0.3182
power;0.0
collaboration;0.0
norm;0.0
expectation;0.0
stone;0.0
gatekeeper;0.0
visibility;0.0
crossing;0.0
encouragement;0.4215
ethnic diversity;0.0
diversity;0.0
competent;0.3182
g.;0.0
wholeness;0.0
interest;0.4588
achievement;0.0
author;0.0
climate;0.0
task;0.0
variation;0.0
primary task;0.0
scylla;0.0
atalanta;0.0
distractions;-0.25
talent;0.4215
apples;0.0
language;0.0
plan;0.0
work;0.0
dialogue;0.0
rule;0.0
charybdis;0.0
increase flow time;0.3182
main team;0.0
element;0.0
designing software;0.0
prerequisite;0.0
analysis;0.0
parallelism;0.0
channel;0.0
transparency;0.0
credibility;0.0
programming;0.0
action;0.0
grand finale;0.4588
good experience;0.4404
experience;0.0
closure;0.0
perception;0.0
series;0.0
situation;0.0
future;0.0
defined roles;0.0
interface;0.0
example;0.0
struggle;-0.3182
requirement;0.0
uncertainty;-0.34
function;0.0
structure;0.0
lack;-0.3182
specialization;0.0
mission;0.0
visitors;0.0
project leader;0.0
stability;0.0
questions;0.0
terms;0.0
subcontractor;0.0
responsible;0.3182
conditions;0.0
deadline;0.0
alternative;0.0
lockemuptogether;0.0
accomplishment;0.0
technology;0.0
architectureteam;0.0
protectionism;0.0
create;0.2732
effect;0.0
architects;0.0
happen;0.0
Poor;-0.4767
facetofacebeforeworkingremotely;0.0
environment;0.0
session;0.0
use;0.0
solutions;0.1779
introduction;0.0
incentive;0.3612
penalty;-0.4588
maintenance;0.0
sessions;0.0
objective;0.0
scope;0.0
intervention;0.0
writing tests;0.0
human communication;0.0
personal experience;0.0
traditional processes;0.0
staffing;0.0
Perceived;0.0
vendor;0.0
cooperation;0.0
learning;0.0
degree;0.0
indecision;-0.2023
domain;0.0
informal labor plan;0.0
developmentepisode;0.0
resistance;0.0
threshold;0.0
planning;0.0
involvement;0.0
timing;0.0
spirit;0.1779
definition;0.0
stagnation;0.0
isolation;-0.4019
practices;0.0
trainer;0.0
skilled;0.0
bring;0.0
methodology;0.0
including;0.0
challenge;0.0772
pair programming;0.0
laurie williams;0.0
encourage people;0.5106
Lack;-0.3182
request;0.0
collusion;0.0
spread;0.0
economy;0.0
rubyonrails;0.0
great;0.6249
opportunity;0.4215
skeptic;-0.2263
consultant;0.0
insufficient;0.0
Fear;-0.4939
experts;0.0
happened;0.0
reward;0.5719
issues;0.0
retrospective;0.0
experiences;0.0
forgotten;-0.2263
beginning;0.0
improve;0.4404
user community;0.0
final tuning;0.0
tuning;0.0
testing;0.0
engineering;0.0
efficient;0.4215
newly formed team;0.0
software architecture;0.0
candidate responsibilities;0.0
understand;0.0
object;0.0
architecture team;0.0
initial architecture;0.0
committee;0.0
mailing list;0.0
establish;0.0
short term;0.0
effective coach;0.4767
practice;0.0
risk operation;-0.2732
construction phase;0.0
elaboration phase;0.0
simple;0.0
transition;0.0
planning workshop;0.0
user feedback;0.0
increment;0.0
project winifred;0.0
bug fixes;0.0
sacrificial lamb;0.0
replacing;0.0
design team;0.0
small distractions;-0.25
critical;-0.3182
assigned;0.0
transition phase;0.0
commit;0.296
thought;0.0
release;0.0
piecemeal growth;0.3818
construction;0.0
inception phase;0.0
reduce;0.0
amount;0.0
front;0.0
attitude;0.0
team space;0.0
coffee lounges;0.0
cost/schedule estimates;0.0
created;0.25
examples;0.0
alexander;0.0
working product;0.0
integration;0.0
communication media;0.0
messages people give;0.0
plain words;0.0
important information;0.2023
disagreement;-0.3612
notice;0.0
attention;0.0
aware;0.0
generic solution;0.3182
specific parts;0.0
specific solution;0.3182
error handling;-0.4019
framework;0.0
expert;0.0
years;0.0
generics;0.0
rationale private;0.0
consensus process;0.0
decision process;0.0
decision;0.0
viewed;0.0
starts;0.0
multi;0.0
work queue;0.0
allocate staff;0.0
initiative;0.0
question;0.0
experienced team member;0.0
software system;0.0
departing developer;0.0
lost productivity;-0.3182
picking;0.0
replacement;0.0
newcomer;0.0
departure;0.0
application;0.0
development team;0.0
exert pressure;-0.296
deliverables;0.0
agreement;0.4939
delivered;0.0
ready;0.3612
requests;0.0
application domain;0.0
familiar;0.0
choices;0.0
increase;0.3182
product owner;0.0
daily scrum;0.0
good things;0.4404
single change;0.0
sprint retrospective;0.0
sprint retrospectives;0.0
depth;0.0
remote colleagues;0.0
matter;0.0258
memory;0.0
worked;0.0
opinion;0.0
differences;0.0
ditto;0.0
external coach;0.0
coaching;0.0
experienced;0.0
manager;0.0
scrummaster;0.0
expensive;0.0
counter;0.0
documentation;0.0
uninterrupted days;0.0
calculations;0.0
life cycle;0.0
exploit;-0.1027
factored;0.0
close circle;0.0
compensation;0.0
acknowledging;0.0
avocations;0.0
commitments;0.128
commitment;0.3818
goals;0.0
informal communication;0.0
competing visions;0.2263
clear vision;0.5574
project participants;0.0
barriers;0.0
cases;0.0
obtain consensus;0.0
stakeholder;0.0
stakeholders;0.0
dread pirate roberts;-0.4588
legendary figure;0.0
personality cult;0.0
role named;0.0
legend role;0.0
c3 project;0.0
practices properly;0.0
leave;-0.0516
