A_Apprenticeship_Apprentice.txt;0.07224666666666667
A_DayCare.txt;0.10341754385964913
A_GatherDomainKnowledge.txt;0.07672999999999999
A_MasterAndApprentice.txt;0.005660655737704914
A_ParticipantObservation.txt;0.14126153846153847
C_CouchCoach.txt;0.13945
C_EffectiveCoach.txt;0.14051052631578947
C_TrainEveryone.txt;0.12564473684210528
CC_BodySpeaks.txt;-0.12447307692307695
CC_DontInterruptAnInterrupt.txt;-0.004136363636363625
CC_EverythingVisible.txt;0.06583333333333335
CC_InformationRadiator.txt;0.1358
CC_MailingList.txt;0.0
CC_ManagementByTriggers.txt;0.11973333333333334
CC_MultipleCommunicationModes.txt;0.22282500000000005
CC_NormsOfConduct.txt;0.263208
CC_OpenUpCommunication.txt;0.20626865671641784
CC_ProductionPotential.txt;0.4357615384615384
CC_ProjectWiki.txt;0.0
CC_ReciprocalVisibility.txt;0.08248518518518519
CC_ReNegotiateComplexity.txt;0.13876315789473687
CC_SocialTracker.txt;0.14037241379310345
CC_WorkQueueReport.txt;-0.018379999999999997
GV_GroupValidation.txt;0.1126939393939394
I_Firewalls.txt;0.054466666666666656
I_SmokeFilledRoom.txt;-0.013286666666666672
ID_CrisisProgrammingEpisode.txt;-0.10170000000000001
ID_DeliverablesToGo.txt;0.1709862068965517
ID_DeployAlongTheGrain.txt;0.26319210526315784
ID_DevelopmentEpisode.txt;0.31429523809523807
ID_EffectiveHandover.txt;0.09125999999999998
ID_EndToEnd.txt;0.3634625
ID_GenericsAndSpecifics.txt;-0.023840624999999997
ID_NoHandoffs.txt;0.08785882352941175
ID_PeriodicDemo.txt;0.26785000000000003
ID_PiecemealGrowth.txt;0.2303111111111111
ID_ProductivityGames.txt;0.20940000000000006
ID_SomeoneAlwaysMakesProgress.txt;0.00574857142857143
ID_Sprint.txt;0.13250897435897432
MC_AdhocMeeting.txt;0.08053939393939394
MC_DesignMeeting.txt;-0.0705
MC_FrequentShortMeetings.txt;0.05185
MC_RecommitmentMeeting.txt;0.27064999999999995
MC_StandupMeetingA.txt;-0.023171428571428572
MC_StandupMeetingB.txt;0.103240625
MC_StatusMeeting.txt;0.10606666666666666
PP_DevelopingInPairs.txt;0.04023050847457627
PP_PairToShare.txt;0.21813617021276602
PP_RemotePair.txt;0.36026428571428576
R_FailedProjectWake.txt;0.11978780487804877
R_GrandeFinale.txt;0.27478500000000006
R_ReaffirmationRitual.txt;0.15463500000000002
R_SolidarityRitual.txt;0.2230305555555556
RM_Ambassador.txt;0.237175
RM_BeHuman.txt;0.0
RM_CreateTheIdealCustomer.txt;0.24001634615384612
RM_GuruingByWalkingAround.txt;0.1594869565217391
RM_JoinForCompletion.txt;0.15821904761904762
RM_ProtectTheVictim.txt;-0.22605000000000003
RM_ShelteringManager.txt;-0.09746666666666666
RM_Wanderer.txt;0.1037901960784314
SO_ConsiderPManAsset.txt;0.22578795180722885
SO_LegendRole.txt;0.153498275862069
SO_TeamOwnsIndividualVelocities.txt;0.02235128205128205
T_CollectiveResponsibility.txt;0.01664285714285714
T_CommunityOfTrust.txt;0.20972000000000005
T_TeamWherePeopleMatter.txt;0.08242040816326528
T_VisitsBuildTrust.txt;0.04793529411764705
TB_BootCamp.txt;0.09672666666666667
TB_Bootstrapping.txt;0.10372195121951219
TB_DiverseGroups.txt;0.22870000000000001
TB_FaceToFaceBeforeRemote.txt;0.1237173076923077
TB_ForgeTheTeam.txt;0.057692307692307696
TB_FormFollowsFunction.txt;0.03254857142857142
TB_GrowingYourTeam.txt;0.1479
TB_Kickoff.txt;0.3434916666666667
TB_LockEmUpTogether.txt;0.053551612903225805
TB_MercenaryAnalyst.txt;0.1391410256410256
TB_PhasingItIn.txt;0.08066296296296296
TB_SelfSelectingTeam.txt;0.09383600000000002
TB_WorkGroup.txt;0.23951666666666668
TD_ArchitectureTeam.txt;0.13784615384615384
TD_DelegateComplexity.txt;0.12403809523809525
TD_DocIsJustAnotherTask.txt;0.0
TD_FeatureAssignment.txt;0.05828571428571428
TD_GetToKnowYourPeopleSkills.txt;0.04220909090909091
TD_IndividualStakeholderBudgets.txt;0.14765500000000004
TD_InformalLaborPlan.txt;0.09774799999999999
TD_InterruptsUnjamBlocking.txt;0.0364475
TD_LocalDecisionCommunities.txt;0.1879263157894737
TD_RoundPegsForRoundHoles.txt;0.08939767441860462
TD_SacrificeOnePerson.txt;-0.048558000000000004
TD_TeamPerTask.txt;0.02594459459459461
TD_WorkSplit.txt;-0.07885833333333334
TL_EpisodeReview.txt;0.0
TL_FairMemory.txt;0.001656249999999998
TL_Retreat.txt;0.3204
TL_Retrospective.txt;0.24406666666666668
TL_SaunaSprintReview.txt;0.44313571428571435
TL_ShowAndTell.txt;0.17661142857142856
TL_SprintRetrospective.txt;0.08018939393939398
V_CohesiveTeam.txt;-0.006217142857142864
V_Compass.txt;-0.23181739130434784
V_PlanningWorkshop.txt;0.11682
V_SetThePegs.txt;0.21577567567567568
V_SharedClearVision.txt;0.2102379310344828
V_UnityOfPurpose.txt;0.3345999999999999
V_Vision.txt;0.32804339622641515
WT_CoffeeKitchen.txt;0.06888780487804877
WT_FieldDay.txt;0.264525
WT_PairProgrammingFacilities.txt;-0.0734
WT_PreparedWorkspace.txt;0.21947142857142857
WT_PrivateSpace.txt;0.12943333333333334
WT_TeamSpace.txt;0.17191891891891892
WT_VirtualSharedLocation.txt;0.27085
WT_WaterCooler.txt;0.12508000000000002
