RSORI;Orientation;Orientation;Structural Risk;RCSTR;Unclear mission or business objectives, identifying all stakeholders
RSFUN;Funding;Funding;Structural Risk;RCSTR;Underfunding of development or maintenance
RSPER;Goals, schedules;Performance Strategies, Goals and Schedules;Structural Risk;RCSTR;Unclear tasks or project goals, no agreement on project plans, unclear requirements, changing scope, artificial deadlines
RSROL;Role definition;Role Definition;Structural Risk;RCSTR;Unclear role definition, insufficient or inappropriate staffing
RSRES;Resources, techn. knowl.;Resources and Technical Knowledge Acquisition;Structural Risk;RCSTR;Perceived technical uncertainty, missing professional skills, insufficient resources
RSCOM;Complexity in tasks;Complexities in market, organization and tasks;Structural Risk;RCSTR;Intense competition, stagnation in competitive environment, introduction of new technologies, stability of technical architecture, indecision, decentralized uncontrolled work processes
RPMOT;Motivation;Motivation;Process Risk;RCPRO;Low motivation, apathy, low team spirit, perception of inadequate rewards and incentives, poor recognition and visibility of accomplishments, little work challenge
RPCON;Conflict in roles, team;Conflict in roles, team, organization politics;Process Risk;RCPRO;Excessive conflict among team members, role conflict, power struggles, organizational conflict
RPTRU;;Interdependence and Trust;Process Risk;RCPRO;
RPINT;Interpersonal rel.;Interpersonal Relationships;Process Risk;RCPRO;Lack of cooperation, collusion, protectionism, lack of user involvement
RPCHA;Change;Change;Process Risk;RCPRO;Excessive requests for directions, strong resistance to change
RPEXP;Leadership experience;Leadership Experience;Process Risk;RCPRO;Disinterested, uninvolved management, lack of leadership credibility, wrong timing of intervention, excessive use of outside consultants, lack of controls over consultants, vendors and subcontractors
RPCOM;Communication;Communication;Process Risk;RCPRO;Poor communication among team members and with support groups, lack of performance feedback
