RSPER;Goals, schedules;Performance Strategies, Goals and Schedules;requirement
RPINT;Interpersonal rel.;Interpersonal Relationships;Lack
RPINT;Interpersonal rel.;Interpersonal Relationships;lack
RPEXP;Leadership experience;Leadership Experience;lack
RPCOM;Communication;Communication;lack
RSORI;Orientation;Orientation;mission
RSCOM;Complexity in tasks;Complexities in market, organization and tasks;stability
RPEXP;Leadership experience;Leadership Experience;subcontractor
RSPER;Goals, schedules;Performance Strategies, Goals and Schedules;deadline
RPREA;Reassurance in team;Reassurance;alternative
RSCOM;Complexity in tasks;Complexities in market, organization and tasks;technology
RPEXP;Leadership experience;Leadership Experience;intervention
RPCOM;Communication;Communication;Poor
RPREA;Reassurance in team;Reassurance;penalty
RPEXP;Leadership experience;Leadership Experience;use
RSCOM;Complexity in tasks;Complexities in market, organization and tasks;introduction
RPMOT;Motivation;Motivation;incentive
RSCOM;Complexity in tasks;Complexities in market, organization and tasks;environment
RSFUN;Funding;Funding;maintenance
RSRES;Resources, techn. knowl.;Resources and Technical Knowledge Acquisition;uncertainty
RSORI;Orientation;Orientation;objective
RSPER;Goals, schedules;Performance Strategies, Goals and Schedules;scope
RPINT;Interpersonal rel.;Interpersonal Relationships;protectionism
RSROL;Role definition;Role Definition;staffing
RSRES;Resources, techn. knowl.;Resources and Technical Knowledge Acquisition;Perceived
RPEXP;Leadership experience;Leadership Experience;vendor
RPINT;Interpersonal rel.;Interpersonal Relationships;cooperation
RPTEA;Interdependence in team;Team Atmosphere;degree
RSCOM;Complexity in tasks;Complexities in market, organization and tasks;indecision
RPCHA;Change;Change;resistance
RSROL;Role definition;Role Definition;insufficient
RPEXP;Leadership experience;Leadership Experience;timing
RPMOT;Motivation;Motivation;spirit
RSROL;Role definition;Role Definition;definition
RSCOM;Complexity in tasks;Complexities in market, organization and tasks;stagnation
RPREA;Reassurance in team;Reassurance;isolation
RPMOT;Motivation;Motivation;challenge
RPMOT;Motivation;Motivation;accomplishment
RPCHA;Change;Change;request
RPINT;Interpersonal rel.;Interpersonal Relationships;collusion
RPEXP;Leadership experience;Leadership Experience;consultant
RPINT;Interpersonal rel.;Interpersonal Relationships;involvement
RPTEA;Interdependence in team;Team Atmosphere;involvement
RPREA;Reassurance in team;Reassurance;Fear
RPMOT;Motivation;Motivation;reward
